city,district,daily_temp
Анадырь,Дальневосточный ФО,-10.4
Анадырь,Дальневосточный ФО,-5.8
Анадырь,Дальневосточный ФО,-23.8
Анадырь,Дальневосточный ФО,-22.8
Анадырь,Дальневосточный ФО,-3.5
Анадырь,Дальневосточный ФО,-21.9
Анадырь,Дальневосточный ФО,-4.7
Анадырь,Дальневосточный ФО,-28.0
Анадырь,Дальневосточный ФО,-16.0
Анадырь,Дальневосточный ФО,-9.9
Анадырь,Дальневосточный ФО,-6.7
Анадырь,Дальневосточный ФО,-18.1
Анадырь,Дальневосточный ФО,-7.0
Анадырь,Дальневосточный ФО,-19.6
Анадырь,Дальневосточный ФО,-18.0
Анадырь,Дальневосточный ФО,-4.5
Анадырь,Дальневосточный ФО,-26.0
Анадырь,Дальневосточный ФО,-5.7
Анадырь,Дальневосточный ФО,-21.2
Анадырь,Дальневосточный ФО,-19.9
Анадырь,Дальневосточный ФО,-13.8
Анадырь,Дальневосточный ФО,-14.1
Анадырь,Дальневосточный ФО,-3.2
Анадырь,Дальневосточный ФО,-6.1
Анадырь,Дальневосточный ФО,-7.0
Анадырь,Дальневосточный ФО,-22.9
Анадырь,Дальневосточный ФО,-3.3
Анадырь,Дальневосточный ФО,-17.3
Анадырь,Дальневосточный ФО,-2.8
Анадырь,Дальневосточный ФО,-3.8
Анадырь,Дальневосточный ФО,-3.8
Биробиджан,Дальневосточный ФО,-2.6
Биробиджан,Дальневосточный ФО,-4.0
Биробиджан,Дальневосточный ФО,0.1
Биробиджан,Дальневосточный ФО,-6.6
Биробиджан,Дальневосточный ФО,-8.5
Биробиджан,Дальневосточный ФО,0.9
Биробиджан,Дальневосточный ФО,-8.9
Биробиджан,Дальневосточный ФО,-7.4
Биробиджан,Дальневосточный ФО,-4.2
Биробиджан,Дальневосточный ФО,5.6
Биробиджан,Дальневосточный ФО,-2.4
Биробиджан,Дальневосточный ФО,-5.5
Биробиджан,Дальневосточный ФО,2.7
Биробиджан,Дальневосточный ФО,6.4
Биробиджан,Дальневосточный ФО,-8.2
Биробиджан,Дальневосточный ФО,1.9
Биробиджан,Дальневосточный ФО,-2.0
Биробиджан,Дальневосточный ФО,-7.1
Биробиджан,Дальневосточный ФО,-0.1
Биробиджан,Дальневосточный ФО,-7.6
Биробиджан,Дальневосточный ФО,1.9
Биробиджан,Дальневосточный ФО,-3.8
Биробиджан,Дальневосточный ФО,1.5
Биробиджан,Дальневосточный ФО,-2.9
Биробиджан,Дальневосточный ФО,-7.6
Биробиджан,Дальневосточный ФО,-9.1
Биробиджан,Дальневосточный ФО,-9.7
Биробиджан,Дальневосточный ФО,1.0
Биробиджан,Дальневосточный ФО,-7.3
Биробиджан,Дальневосточный ФО,6.2
Биробиджан,Дальневосточный ФО,1.3
Благовещенск,Дальневосточный ФО,-2.4
Благовещенск,Дальневосточный ФО,-12.0
Благовещенск,Дальневосточный ФО,-4.0
Благовещенск,Дальневосточный ФО,3.8
Благовещенск,Дальневосточный ФО,5.2
Благовещенск,Дальневосточный ФО,-0.5
Благовещенск,Дальневосточный ФО,-4.2
Благовещенск,Дальневосточный ФО,-8.3
Благовещенск,Дальневосточный ФО,-10.9
Благовещенск,Дальневосточный ФО,-11.6
Благовещенск,Дальневосточный ФО,-9.4
Благовещенск,Дальневосточный ФО,-0.8
Благовещенск,Дальневосточный ФО,-9.8
Благовещенск,Дальневосточный ФО,-3.9
Благовещенск,Дальневосточный ФО,-0.9
Благовещенск,Дальневосточный ФО,-1.2
Благовещенск,Дальневосточный ФО,-10.7
Благовещенск,Дальневосточный ФО,-4.4
Благовещенск,Дальневосточный ФО,6.6
Благовещенск,Дальневосточный ФО,-1.0
Благовещенск,Дальневосточный ФО,-8.1
Благовещенск,Дальневосточный ФО,-2.7
Благовещенск,Дальневосточный ФО,5.8
Благовещенск,Дальневосточный ФО,-1.6
Благовещенск,Дальневосточный ФО,-10.7
Благовещенск,Дальневосточный ФО,-8.6
Благовещенск,Дальневосточный ФО,-6.7
Благовещенск,Дальневосточный ФО,-7.5
Благовещенск,Дальневосточный ФО,-11.4
Благовещенск,Дальневосточный ФО,2.9
Благовещенск,Дальневосточный ФО,-9.1
Владивосток,Дальневосточный ФО,-1.4
Владивосток,Дальневосточный ФО,0.7
Владивосток,Дальневосточный ФО,1.8
Владивосток,Дальневосточный ФО,-1.8
Владивосток,Дальневосточный ФО,-2.9
Владивосток,Дальневосточный ФО,0.0
Владивосток,Дальневосточный ФО,5.2
Владивосток,Дальневосточный ФО,-4.2
Владивосток,Дальневосточный ФО,-3.8
Владивосток,Дальневосточный ФО,-4.2
Владивосток,Дальневосточный ФО,4.3
Владивосток,Дальневосточный ФО,4.6
Владивосток,Дальневосточный ФО,-3.9
Владивосток,Дальневосточный ФО,1.6
Владивосток,Дальневосточный ФО,-4.0
Владивосток,Дальневосточный ФО,2.2
Владивосток,Дальневосточный ФО,3.3
Владивосток,Дальневосточный ФО,0.2
Владивосток,Дальневосточный ФО,-4.4
Владивосток,Дальневосточный ФО,1.8
Владивосток,Дальневосточный ФО,-4.6
Владивосток,Дальневосточный ФО,-2.1
Владивосток,Дальневосточный ФО,-4.6
Владивосток,Дальневосточный ФО,3.4
Владивосток,Дальневосточный ФО,1.7
Владивосток,Дальневосточный ФО,4.1
Владивосток,Дальневосточный ФО,-0.2
Владивосток,Дальневосточный ФО,1.6
Владивосток,Дальневосточный ФО,-0.4
Владивосток,Дальневосточный ФО,2.2
Владивосток,Дальневосточный ФО,3.5
Магадан,Дальневосточный ФО,-5.0
Магадан,Дальневосточный ФО,-14.5
Магадан,Дальневосточный ФО,-8.5
Магадан,Дальневосточный ФО,-9.8
Магадан,Дальневосточный ФО,-14.9
Магадан,Дальневосточный ФО,-3.1
Магадан,Дальневосточный ФО,-16.0
Магадан,Дальневосточный ФО,-9.9
Магадан,Дальневосточный ФО,-17.0
Магадан,Дальневосточный ФО,-14.0
Магадан,Дальневосточный ФО,-20.5
Магадан,Дальневосточный ФО,-16.8
Магадан,Дальневосточный ФО,-9.0
Магадан,Дальневосточный ФО,-11.5
Магадан,Дальневосточный ФО,-6.5
Магадан,Дальневосточный ФО,-3.0
Магадан,Дальневосточный ФО,-12.3
Магадан,Дальневосточный ФО,-19.0
Магадан,Дальневосточный ФО,-7.0
Магадан,Дальневосточный ФО,-17.5
Магадан,Дальневосточный ФО,-17.5
Магадан,Дальневосточный ФО,-16.5
Магадан,Дальневосточный ФО,-4.5
Магадан,Дальневосточный ФО,-22.5
Магадан,Дальневосточный ФО,-20.5
Магадан,Дальневосточный ФО,-2.5
Магадан,Дальневосточный ФО,-8.5
Магадан,Дальневосточный ФО,-19.5
Магадан,Дальневосточный ФО,-22.5
Магадан,Дальневосточный ФО,-15.2
Магадан,Дальневосточный ФО,-12.1
Петропавловск-Камчатский,Дальневосточный ФО,2.0
Петропавловск-Камчатский,Дальневосточный ФО,-6.0
Петропавловск-Камчатский,Дальневосточный ФО,-4.0
Петропавловск-Камчатский,Дальневосточный ФО,-6.0
Петропавловск-Камчатский,Дальневосточный ФО,-8.5
Петропавловск-Камчатский,Дальневосточный ФО,-3.0
Петропавловск-Камчатский,Дальневосточный ФО,-7.0
Петропавловск-Камчатский,Дальневосточный ФО,-1.0
Петропавловск-Камчатский,Дальневосточный ФО,-8.0
Петропавловск-Камчатский,Дальневосточный ФО,2.0
Петропавловск-Камчатский,Дальневосточный ФО,-2.0
Петропавловск-Камчатский,Дальневосточный ФО,-3.0
Петропавловск-Камчатский,Дальневосточный ФО,-0.5
Петропавловск-Камчатский,Дальневосточный ФО,-4.0
Петропавловск-Камчатский,Дальневосточный ФО,1.0
Петропавловск-Камчатский,Дальневосточный ФО,-1.0
Петропавловск-Камчатский,Дальневосточный ФО,-1.5
Петропавловск-Камчатский,Дальневосточный ФО,3.5
Петропавловск-Камчатский,Дальневосточный ФО,2.0
Петропавловск-Камчатский,Дальневосточный ФО,0.5
Петропавловск-Камчатский,Дальневосточный ФО,-4.0
Петропавловск-Камчатский,Дальневосточный ФО,0.5
Петропавловск-Камчатский,Дальневосточный ФО,1.5
Петропавловск-Камчатский,Дальневосточный ФО,-7.5
Петропавловск-Камчатский,Дальневосточный ФО,-0.5
Петропавловск-Камчатский,Дальневосточный ФО,-7.0
Петропавловск-Камчатский,Дальневосточный ФО,-0.5
Петропавловск-Камчатский,Дальневосточный ФО,-7.0
Петропавловск-Камчатский,Дальневосточный ФО,-5.0
Петропавловск-Камчатский,Дальневосточный ФО,3.0
Петропавловск-Камчатский,Дальневосточный ФО,-1.5
Хабаровск,Дальневосточный ФО,-9.0
Хабаровск,Дальневосточный ФО,-0.9
Хабаровск,Дальневосточный ФО,-4.0
Хабаровск,Дальневосточный ФО,5.4
Хабаровск,Дальневосточный ФО,-5.9
Хабаровск,Дальневосточный ФО,-6.2
Хабаровск,Дальневосточный ФО,-7.8
Хабаровск,Дальневосточный ФО,4.0
Хабаровск,Дальневосточный ФО,0.0
Хабаровск,Дальневосточный ФО,-0.5
Хабаровск,Дальневосточный ФО,-6.3
Хабаровск,Дальневосточный ФО,-4.2
Хабаровск,Дальневосточный ФО,-5.9
Хабаровск,Дальневосточный ФО,4.6
Хабаровск,Дальневосточный ФО,-6.2
Хабаровск,Дальневосточный ФО,3.1
Хабаровск,Дальневосточный ФО,-4.4
Хабаровск,Дальневосточный ФО,-3.0
Хабаровск,Дальневосточный ФО,-1.5
Хабаровск,Дальневосточный ФО,-6.0
Хабаровск,Дальневосточный ФО,-0.7
Хабаровск,Дальневосточный ФО,7.0
Хабаровск,Дальневосточный ФО,0.8
Хабаровск,Дальневосточный ФО,-0.2
Хабаровск,Дальневосточный ФО,3.6
Хабаровск,Дальневосточный ФО,-5.7
Хабаровск,Дальневосточный ФО,7.7
Хабаровск,Дальневосточный ФО,0.2
Хабаровск,Дальневосточный ФО,-1.3
Хабаровск,Дальневосточный ФО,0.9
Хабаровск,Дальневосточный ФО,-5.0
Южно-Сахалинск,Дальневосточный ФО,-8.8
Южно-Сахалинск,Дальневосточный ФО,-3.4
Южно-Сахалинск,Дальневосточный ФО,-2.1
Южно-Сахалинск,Дальневосточный ФО,-13.2
Южно-Сахалинск,Дальневосточный ФО,-2.5
Южно-Сахалинск,Дальневосточный ФО,-6.0
Южно-Сахалинск,Дальневосточный ФО,-1.7
Южно-Сахалинск,Дальневосточный ФО,-0.8
Южно-Сахалинск,Дальневосточный ФО,-0.9
Южно-Сахалинск,Дальневосточный ФО,-2.3
Южно-Сахалинск,Дальневосточный ФО,-4.3
Южно-Сахалинск,Дальневосточный ФО,-7.5
Южно-Сахалинск,Дальневосточный ФО,-11.0
Южно-Сахалинск,Дальневосточный ФО,-8.9
Южно-Сахалинск,Дальневосточный ФО,0.0
Южно-Сахалинск,Дальневосточный ФО,1.4
Южно-Сахалинск,Дальневосточный ФО,-6.0
Южно-Сахалинск,Дальневосточный ФО,3.5
Южно-Сахалинск,Дальневосточный ФО,-7.6
Южно-Сахалинск,Дальневосточный ФО,-0.5
Южно-Сахалинск,Дальневосточный ФО,-8.0
Южно-Сахалинск,Дальневосточный ФО,-0.7
Южно-Сахалинск,Дальневосточный ФО,-8.9
Южно-Сахалинск,Дальневосточный ФО,-4.2
Южно-Сахалинск,Дальневосточный ФО,-6.5
Южно-Сахалинск,Дальневосточный ФО,-2.0
Южно-Сахалинск,Дальневосточный ФО,0.2
Южно-Сахалинск,Дальневосточный ФО,-4.9
Южно-Сахалинск,Дальневосточный ФО,0.6
Южно-Сахалинск,Дальневосточный ФО,4.7
Южно-Сахалинск,Дальневосточный ФО,0.4
Якутск,Дальневосточный ФО,-21.9
Якутск,Дальневосточный ФО,-22.7
Якутск,Дальневосточный ФО,-11.9
Якутск,Дальневосточный ФО,-16.2
Якутск,Дальневосточный ФО,-22.9
Якутск,Дальневосточный ФО,-6.7
Якутск,Дальневосточный ФО,-16.4
Якутск,Дальневосточный ФО,-8.0
Якутск,Дальневосточный ФО,-25.4
Якутск,Дальневосточный ФО,-21.6
Якутск,Дальневосточный ФО,-21.4
Якутск,Дальневосточный ФО,-13.8
Якутск,Дальневосточный ФО,-21.9
Якутск,Дальневосточный ФО,-17.6
Якутск,Дальневосточный ФО,-12.3
Якутск,Дальневосточный ФО,-22.1
Якутск,Дальневосточный ФО,-7.0
Якутск,Дальневосточный ФО,-25.2
Якутск,Дальневосточный ФО,-14.1
Якутск,Дальневосточный ФО,-12.8
Якутск,Дальневосточный ФО,-22.0
Якутск,Дальневосточный ФО,-23.4
Якутск,Дальневосточный ФО,-26.6
Якутск,Дальневосточный ФО,-10.1
Якутск,Дальневосточный ФО,-15.2
Якутск,Дальневосточный ФО,-13.9
Якутск,Дальневосточный ФО,-13.5
Якутск,Дальневосточный ФО,-18.4
Якутск,Дальневосточный ФО,-14.5
Якутск,Дальневосточный ФО,-15.1
Якутск,Дальневосточный ФО,-18.1
Ижевск,Приволжский ФО,2.5
Ижевск,Приволжский ФО,-5.6
Ижевск,Приволжский ФО,-5.2
Ижевск,Приволжский ФО,0.9
Ижевск,Приволжский ФО,4.3
Ижевск,Приволжский ФО,-1.9
Ижевск,Приволжский ФО,0.3
Ижевск,Приволжский ФО,1.5
Ижевск,Приволжский ФО,6.2
Ижевск,Приволжский ФО,1.4
Ижевск,Приволжский ФО,-2.0
Ижевск,Приволжский ФО,3.0
Ижевск,Приволжский ФО,1.1
Ижевск,Приволжский ФО,-1.1
Ижевск,Приволжский ФО,-1.1
Ижевск,Приволжский ФО,-2.0
Ижевск,Приволжский ФО,3.9
Ижевск,Приволжский ФО,-1.5
Ижевск,Приволжский ФО,-5.0
Ижевск,Приволжский ФО,2.2
Ижевск,Приволжский ФО,-6.2
Ижевск,Приволжский ФО,-1.8
Ижевск,Приволжский ФО,2.4
Ижевск,Приволжский ФО,8.9
Ижевск,Приволжский ФО,3.1
Ижевск,Приволжский ФО,3.2
Ижевск,Приволжский ФО,6.0
Ижевск,Приволжский ФО,-0.4
Ижевск,Приволжский ФО,-2.7
Ижевск,Приволжский ФО,-0.1
Ижевск,Приволжский ФО,0.6
Йошкар-Ола,Приволжский ФО,7.2
Йошкар-Ола,Приволжский ФО,2.7
Йошкар-Ола,Приволжский ФО,-1.0
Йошкар-Ола,Приволжский ФО,4.9
Йошкар-Ола,Приволжский ФО,4.0
Йошкар-Ола,Приволжский ФО,9.8
Йошкар-Ола,Приволжский ФО,2.2
Йошкар-Ола,Приволжский ФО,0.4
Йошкар-Ола,Приволжский ФО,6.0
Йошкар-Ола,Приволжский ФО,2.0
Йошкар-Ола,Приволжский ФО,6.0
Йошкар-Ола,Приволжский ФО,-0.2
Йошкар-Ола,Приволжский ФО,-2.5
Йошкар-Ола,Приволжский ФО,3.7
Йошкар-Ола,Приволжский ФО,7.2
Йошкар-Ола,Приволжский ФО,1.8
Йошкар-Ола,Приволжский ФО,-4.1
Йошкар-Ола,Приволжский ФО,0.9
Йошкар-Ола,Приволжский ФО,0.5
Йошкар-Ола,Приволжский ФО,4.3
Йошкар-Ола,Приволжский ФО,-2.4
Йошкар-Ола,Приволжский ФО,-1.4
Йошкар-Ола,Приволжский ФО,3.1
Йошкар-Ола,Приволжский ФО,-4.5
Йошкар-Ола,Приволжский ФО,-0.1
Йошкар-Ола,Приволжский ФО,4.0
Йошкар-Ола,Приволжский ФО,3.4
Йошкар-Ола,Приволжский ФО,8.7
Йошкар-Ола,Приволжский ФО,-0.4
Йошкар-Ола,Приволжский ФО,0.8
Йошкар-Ола,Приволжский ФО,3.2
Казань,Приволжский ФО,-2.5
Казань,Приволжский ФО,5.1
Казань,Приволжский ФО,8.5
Казань,Приволжский ФО,1.6
Казань,Приволжский ФО,7.0
Казань,Приволжский ФО,-3.5
Казань,Приволжский ФО,6.0
Казань,Приволжский ФО,-0.2
Казань,Приволжский ФО,2.5
Казань,Приволжский ФО,2.8
Казань,Приволжский ФО,-1.4
Казань,Приволжский ФО,4.5
Казань,Приволжский ФО,0.2
Казань,Приволжский ФО,5.2
Казань,Приволжский ФО,4.5
Казань,Приволжский ФО,7.5
Казань,Приволжский ФО,4.8
Казань,Приволжский ФО,-4.0
Казань,Приволжский ФО,1.5
Казань,Приволжский ФО,1.0
Казань,Приволжский ФО,1.1
Казань,Приволжский ФО,1.0
Казань,Приволжский ФО,6.5
Казань,Приволжский ФО,-3.9
Казань,Приволжский ФО,3.1
Казань,Приволжский ФО,-3.0
Казань,Приволжский ФО,1.0
Казань,Приволжский ФО,-0.9
Казань,Приволжский ФО,-1.0
Казань,Приволжский ФО,5.5
Казань,Приволжский ФО,0.5
Киров,Приволжский ФО,-1.2
Киров,Приволжский ФО,1.2
Киров,Приволжский ФО,6.1
Киров,Приволжский ФО,0.7
Киров,Приволжский ФО,2.8
Киров,Приволжский ФО,-3.1
Киров,Приволжский ФО,2.1
Киров,Приволжский ФО,-0.6
Киров,Приволжский ФО,-2.9
Киров,Приволжский ФО,3.8
Киров,Приволжский ФО,2.0
Киров,Приволжский ФО,8.2
Киров,Приволжский ФО,1.5
Киров,Приволжский ФО,-3.3
Киров,Приволжский ФО,-6.2
Киров,Приволжский ФО,1.6
Киров,Приволжский ФО,-0.7
Киров,Приволжский ФО,3.3
Киров,Приволжский ФО,-5.0
Киров,Приволжский ФО,-3.5
Киров,Приволжский ФО,1.8
Киров,Приволжский ФО,-5.0
Киров,Приволжский ФО,2.4
Киров,Приволжский ФО,3.2
Киров,Приволжский ФО,-0.9
Киров,Приволжский ФО,5.5
Киров,Приволжский ФО,-2.3
Киров,Приволжский ФО,-1.5
Киров,Приволжский ФО,-0.7
Киров,Приволжский ФО,1.2
Киров,Приволжский ФО,-6.1
Нижний Новгород,Приволжский ФО,4.7
Нижний Новгород,Приволжский ФО,-1.7
Нижний Новгород,Приволжский ФО,-3.0
Нижний Новгород,Приволжский ФО,5.0
Нижний Новгород,Приволжский ФО,-2.5
Нижний Новгород,Приволжский ФО,10.0
Нижний Новгород,Приволжский ФО,2.5
Нижний Новгород,Приволжский ФО,7.8
Нижний Новгород,Приволжский ФО,1.5
Нижний Новгород,Приволжский ФО,4.5
Нижний Новгород,Приволжский ФО,6.0
Нижний Новгород,Приволжский ФО,2.0
Нижний Новгород,Приволжский ФО,7.3
Нижний Новгород,Приволжский ФО,1.0
Нижний Новгород,Приволжский ФО,2.8
Нижний Новгород,Приволжский ФО,1.4
Нижний Новгород,Приволжский ФО,3.9
Нижний Новгород,Приволжский ФО,2.0
Нижний Новгород,Приволжский ФО,7.7
Нижний Новгород,Приволжский ФО,-3.7
Нижний Новгород,Приволжский ФО,-2.5
Нижний Новгород,Приволжский ФО,2.5
Нижний Новгород,Приволжский ФО,-3.2
Нижний Новгород,Приволжский ФО,7.5
Нижний Новгород,Приволжский ФО,7.0
Нижний Новгород,Приволжский ФО,-1.8
Нижний Новгород,Приволжский ФО,-2.3
Нижний Новгород,Приволжский ФО,3.9
Нижний Новгород,Приволжский ФО,2.5
Нижний Новгород,Приволжский ФО,1.8
Нижний Новгород,Приволжский ФО,4.7
Оренбург,Приволжский ФО,6.8
Оренбург,Приволжский ФО,-0.1
Оренбург,Приволжский ФО,8.4
Оренбург,Приволжский ФО,-0.5
Оренбург,Приволжский ФО,1.1
Оренбург,Приволжский ФО,-4.6
Оренбург,Приволжский ФО,1.7
Оренбург,Приволжский ФО,3.4
Оренбург,Приволжский ФО,1.0
Оренбург,Приволжский ФО,0.1
Оренбург,Приволжский ФО,2.1
Оренбург,Приволжский ФО,3.2
Оренбург,Приволжский ФО,4.5
Оренбург,Приволжский ФО,-9.4
Оренбург,Приволжский ФО,4.2
Оренбург,Приволжский ФО,3.8
Оренбург,Приволжский ФО,-5.8
Оренбург,Приволжский ФО,-3.5
Оренбург,Приволжский ФО,-9.1
Оренбург,Приволжский ФО,8.0
Оренбург,Приволжский ФО,2.9
Оренбург,Приволжский ФО,-5.2
Оренбург,Приволжский ФО,-4.5
Оренбург,Приволжский ФО,-6.0
Оренбург,Приволжский ФО,5.6
Оренбург,Приволжский ФО,4.8
Оренбург,Приволжский ФО,-1.9
Оренбург,Приволжский ФО,-0.2
Оренбург,Приволжский ФО,3.4
Оренбург,Приволжский ФО,1.7
Оренбург,Приволжский ФО,-3.0
Пенза,Приволжский ФО,3.8
Пенза,Приволжский ФО,8.8
Пенза,Приволжский ФО,1.7
Пенза,Приволжский ФО,4.1
Пенза,Приволжский ФО,-1.9
Пенза,Приволжский ФО,1.6
Пенза,Приволжский ФО,5.7
Пенза,Приволжский ФО,-1.2
Пенза,Приволжский ФО,7.1
Пенза,Приволжский ФО,6.6
Пенза,Приволжский ФО,0.1
Пенза,Приволжский ФО,8.9
Пенза,Приволжский ФО,6.2
Пенза,Приволжский ФО,1.5
Пенза,Приволжский ФО,2.4
Пенза,Приволжский ФО,-2.5
Пенза,Приволжский ФО,2.3
Пенза,Приволжский ФО,5.9
Пенза,Приволжский ФО,-4.2
Пенза,Приволжский ФО,9.0
Пенза,Приволжский ФО,6.1
Пенза,Приволжский ФО,-0.5
Пенза,Приволжский ФО,6.6
Пенза,Приволжский ФО,6.4
Пенза,Приволжский ФО,1.8
Пенза,Приволжский ФО,6.9
Пенза,Приволжский ФО,2.9
Пенза,Приволжский ФО,2.8
Пенза,Приволжский ФО,10.8
Пенза,Приволжский ФО,-4.5
Пенза,Приволжский ФО,1.9
Пермь,Приволжский ФО,2.4
Пермь,Приволжский ФО,3.1
Пермь,Приволжский ФО,1.3
Пермь,Приволжский ФО,8.8
Пермь,Приволжский ФО,1.2
Пермь,Приволжский ФО,3.5
Пермь,Приволжский ФО,-3.4
Пермь,Приволжский ФО,1.6
Пермь,Приволжский ФО,-2.9
Пермь,Приволжский ФО,-6.2
Пермь,Приволжский ФО,-1.8
Пермь,Приволжский ФО,-1.9
Пермь,Приволжский ФО,3.8
Пермь,Приволжский ФО,6.3
Пермь,Приволжский ФО,-3.8
Пермь,Приволжский ФО,4.5
Пермь,Приволжский ФО,1.3
Пермь,Приволжский ФО,-9.1
Пермь,Приволжский ФО,-2.0
Пермь,Приволжский ФО,0.1
Пермь,Приволжский ФО,6.2
Пермь,Приволжский ФО,-7.1
Пермь,Приволжский ФО,-4.7
Пермь,Приволжский ФО,1.0
Пермь,Приволжский ФО,-1.6
Пермь,Приволжский ФО,2.5
Пермь,Приволжский ФО,0.4
Пермь,Приволжский ФО,1.4
Пермь,Приволжский ФО,-1.2
Пермь,Приволжский ФО,-2.0
Пермь,Приволжский ФО,-7.3
Самара,Приволжский ФО,3.3
Самара,Приволжский ФО,2.2
Самара,Приволжский ФО,-0.9
Самара,Приволжский ФО,4.3
Самара,Приволжский ФО,1.4
Самара,Приволжский ФО,10.5
Самара,Приволжский ФО,9.3
Самара,Приволжский ФО,1.5
Самара,Приволжский ФО,6.9
Самара,Приволжский ФО,-0.6
Самара,Приволжский ФО,1.1
Самара,Приволжский ФО,0.4
Самара,Приволжский ФО,4.5
Самара,Приволжский ФО,5.2
Самара,Приволжский ФО,-1.6
Самара,Приволжский ФО,-0.4
Самара,Приволжский ФО,6.8
Самара,Приволжский ФО,5.3
Самара,Приволжский ФО,4.0
Самара,Приволжский ФО,-3.0
Самара,Приволжский ФО,2.0
Самара,Приволжский ФО,-0.6
Самара,Приволжский ФО,6.8
Самара,Приволжский ФО,0.0
Самара,Приволжский ФО,5.0
Самара,Приволжский ФО,-0.5
Самара,Приволжский ФО,-1.0
Самара,Приволжский ФО,0.9
Самара,Приволжский ФО,-1.1
Самара,Приволжский ФО,1.3
Самара,Приволжский ФО,0.1
Саранск,Приволжский ФО,-4.0
Саранск,Приволжский ФО,1.2
Саранск,Приволжский ФО,0.6
Саранск,Приволжский ФО,3.1
Саранск,Приволжский ФО,-3.4
Саранск,Приволжский ФО,3.1
Саранск,Приволжский ФО,1.2
Саранск,Приволжский ФО,-0.6
Саранск,Приволжский ФО,5.0
Саранск,Приволжский ФО,6.4
Саранск,Приволжский ФО,1.3
Саранск,Приволжский ФО,1.4
Саранск,Приволжский ФО,-1.1
Саранск,Приволжский ФО,6.2
Саранск,Приволжский ФО,4.8
Саранск,Приволжский ФО,7.2
Саранск,Приволжский ФО,0.1
Саранск,Приволжский ФО,1.6
Саранск,Приволжский ФО,6.8
Саранск,Приволжский ФО,11.2
Саранск,Приволжский ФО,5.2
Саранск,Приволжский ФО,1.0
Саранск,Приволжский ФО,3.2
Саранск,Приволжский ФО,4.8
Саранск,Приволжский ФО,7.5
Саранск,Приволжский ФО,-2.5
Саранск,Приволжский ФО,6.7
Саранск,Приволжский ФО,-2.9
Саранск,Приволжский ФО,3.2
Саранск,Приволжский ФО,2.8
Саранск,Приволжский ФО,8.7
Уфа,Приволжский ФО,0.0
Уфа,Приволжский ФО,1.8
Уфа,Приволжский ФО,-7.2
Уфа,Приволжский ФО,2.9
Уфа,Приволжский ФО,-3.1
Уфа,Приволжский ФО,-2.8
Уфа,Приволжский ФО,3.9
Уфа,Приволжский ФО,-3.3
Уфа,Приволжский ФО,2.6
Уфа,Приволжский ФО,2.1
Уфа,Приволжский ФО,1.7
Уфа,Приволжский ФО,2.2
Уфа,Приволжский ФО,0.9
Уфа,Приволжский ФО,-3.9
Уфа,Приволжский ФО,-0.1
Уфа,Приволжский ФО,-3.4
Уфа,Приволжский ФО,3.6
Уфа,Приволжский ФО,1.9
Уфа,Приволжский ФО,-6.8
Уфа,Приволжский ФО,2.8
Уфа,Приволжский ФО,-5.5
Уфа,Приволжский ФО,4.0
Уфа,Приволжский ФО,0.2
Уфа,Приволжский ФО,-3.2
Уфа,Приволжский ФО,0.7
Уфа,Приволжский ФО,2.0
Уфа,Приволжский ФО,4.3
Уфа,Приволжский ФО,-3.0
Уфа,Приволжский ФО,4.6
Уфа,Приволжский ФО,-1.1
Уфа,Приволжский ФО,-2.6
Чебоксары,Приволжский ФО,4.5
Чебоксары,Приволжский ФО,-3.5
Чебоксары,Приволжский ФО,0.5
Чебоксары,Приволжский ФО,-2.0
Чебоксары,Приволжский ФО,6.0
Чебоксары,Приволжский ФО,3.5
Чебоксары,Приволжский ФО,1.0
Чебоксары,Приволжский ФО,1.5
Чебоксары,Приволжский ФО,2.5
Чебоксары,Приволжский ФО,-2.5
Чебоксары,Приволжский ФО,9.5
Чебоксары,Приволжский ФО,4.5
Чебоксары,Приволжский ФО,4.5
Чебоксары,Приволжский ФО,3.0
Чебоксары,Приволжский ФО,1.5
Чебоксары,Приволжский ФО,1.5
Чебоксары,Приволжский ФО,3.0
Чебоксары,Приволжский ФО,1.0
Чебоксары,Приволжский ФО,0.0
Чебоксары,Приволжский ФО,-0.5
Чебоксары,Приволжский ФО,6.5
Чебоксары,Приволжский ФО,-3.5
Чебоксары,Приволжский ФО,-1.5
Чебоксары,Приволжский ФО,8.0
Чебоксары,Приволжский ФО,-4.0
Чебоксары,Приволжский ФО,-1.0
Чебоксары,Приволжский ФО,6.0
Чебоксары,Приволжский ФО,8.5
Чебоксары,Приволжский ФО,1.5
Чебоксары,Приволжский ФО,3.0
Чебоксары,Приволжский ФО,0.5
Архангельск,Северо-Западный ФО,1.7
Архангельск,Северо-Западный ФО,-8.2
Архангельск,Северо-Западный ФО,-0.2
Архангельск,Северо-Западный ФО,-4.3
Архангельск,Северо-Западный ФО,1.0
Архангельск,Северо-Западный ФО,-7.6
Архангельск,Северо-Западный ФО,2.0
Архангельск,Северо-Западный ФО,-0.7
Архангельск,Северо-Западный ФО,2.5
Архангельск,Северо-Западный ФО,0.7
Архангельск,Северо-Западный ФО,-7.5
Архангельск,Северо-Западный ФО,-1.0
Архангельск,Северо-Западный ФО,-5.8
Архангельск,Северо-Западный ФО,2.2
Архангельск,Северо-Западный ФО,-1.5
Архангельск,Северо-Западный ФО,-4.8
Архангельск,Северо-Западный ФО,1.4
Архангельск,Северо-Западный ФО,-1.0
Архангельск,Северо-Западный ФО,-4.2
Архангельск,Северо-Западный ФО,0.5
Архангельск,Северо-Западный ФО,-7.0
Архангельск,Северо-Западный ФО,-10.2
Архангельск,Северо-Западный ФО,-1.3
Архангельск,Северо-Западный ФО,-3.1
Архангельск,Северо-Западный ФО,-1.3
Архангельск,Северо-Западный ФО,-3.2
Архангельск,Северо-Западный ФО,-0.3
Архангельск,Северо-Западный ФО,-7.5
Архангельск,Северо-Западный ФО,-9.3
Архангельск,Северо-Западный ФО,-9.0
Архангельск,Северо-Западный ФО,1.6
Великий Новгород,Северо-Западный ФО,1.9
Великий Новгород,Северо-Западный ФО,2.0
Великий Новгород,Северо-Западный ФО,6.2
Великий Новгород,Северо-Западный ФО,0.4
Великий Новгород,Северо-Западный ФО,4.6
Великий Новгород,Северо-Западный ФО,-1.2
Великий Новгород,Северо-Западный ФО,2.9
Великий Новгород,Северо-Западный ФО,-1.8
Великий Новгород,Северо-Западный ФО,3.3
Великий Новгород,Северо-Западный ФО,-1.3
Великий Новгород,Северо-Западный ФО,-1.6
Великий Новгород,Северо-Западный ФО,-1.8
Великий Новгород,Северо-Западный ФО,-2.9
Великий Новгород,Северо-Западный ФО,1.5
Великий Новгород,Северо-Западный ФО,2.1
Великий Новгород,Северо-Западный ФО,3.9
Великий Новгород,Северо-Западный ФО,1.5
Великий Новгород,Северо-Западный ФО,5.3
Великий Новгород,Северо-Западный ФО,-0.1
Великий Новгород,Северо-Западный ФО,4.8
Великий Новгород,Северо-Западный ФО,7.7
Великий Новгород,Северо-Западный ФО,4.6
Великий Новгород,Северо-Западный ФО,1.2
Великий Новгород,Северо-Западный ФО,3.6
Великий Новгород,Северо-Западный ФО,1.6
Великий Новгород,Северо-Западный ФО,7.5
Великий Новгород,Северо-Западный ФО,-1.2
Великий Новгород,Северо-Западный ФО,1.8
Великий Новгород,Северо-Западный ФО,-1.5
Великий Новгород,Северо-Западный ФО,2.3
Великий Новгород,Северо-Западный ФО,2.9
Вологда,Северо-Западный ФО,5.7
Вологда,Северо-Западный ФО,6.4
Вологда,Северо-Западный ФО,-4.9
Вологда,Северо-Западный ФО,1.1
Вологда,Северо-Западный ФО,7.0
Вологда,Северо-Западный ФО,1.9
Вологда,Северо-Западный ФО,-5.2
Вологда,Северо-Западный ФО,0.1
Вологда,Северо-Западный ФО,0.3
Вологда,Северо-Западный ФО,-3.9
Вологда,Северо-Западный ФО,0.5
Вологда,Северо-Западный ФО,2.0
Вологда,Северо-Западный ФО,-2.2
Вологда,Северо-Западный ФО,1.6
Вологда,Северо-Западный ФО,-5.2
Вологда,Северо-Западный ФО,2.7
Вологда,Северо-Западный ФО,-4.2
Вологда,Северо-Западный ФО,-5.1
Вологда,Северо-Западный ФО,1.9
Вологда,Северо-Западный ФО,-1.9
Вологда,Северо-Западный ФО,1.4
Вологда,Северо-Западный ФО,1.6
Вологда,Северо-Западный ФО,1.6
Вологда,Северо-Западный ФО,-2.7
Вологда,Северо-Западный ФО,0.8
Вологда,Северо-Западный ФО,1.4
Вологда,Северо-Западный ФО,3.3
Вологда,Северо-Западный ФО,-4.1
Вологда,Северо-Западный ФО,3.1
Вологда,Северо-Западный ФО,1.6
Вологда,Северо-Западный ФО,0.5
Калининград,Северо-Западный ФО,2.3
Калининград,Северо-Западный ФО,6.8
Калининград,Северо-Западный ФО,1.1
Калининград,Северо-Западный ФО,5.0
Калининград,Северо-Западный ФО,6.4
Калининград,Северо-Западный ФО,5.0
Калининград,Северо-Западный ФО,7.2
Калининград,Северо-Западный ФО,1.9
Калининград,Северо-Западный ФО,4.7
Калининград,Северо-Западный ФО,5.5
Калининград,Северо-Западный ФО,0.8
Калининград,Северо-Западный ФО,0.5
Калининград,Северо-Западный ФО,6.8
Калининград,Северо-Западный ФО,0.2
Калининград,Северо-Западный ФО,3.7
Калининград,Северо-Западный ФО,4.8
Калининград,Северо-Западный ФО,-0.4
Калининград,Северо-Западный ФО,5.2
Калининград,Северо-Западный ФО,5.2
Калининград,Северо-Западный ФО,5.2
Калининград,Северо-Западный ФО,5.2
Калининград,Северо-Западный ФО,7.5
Калининград,Северо-Западный ФО,4.8
Калининград,Северо-Западный ФО,3.1
Калининград,Северо-Западный ФО,8.1
Калининград,Северо-Западный ФО,10.2
Калининград,Северо-Западный ФО,1.6
Калининград,Северо-Западный ФО,-0.1
Калининград,Северо-Западный ФО,7.4
Калининград,Северо-Западный ФО,7.5
Калининград,Северо-Западный ФО,4.6
Мурманск,Северо-Западный ФО,-11.0
Мурманск,Северо-Западный ФО,2.0
Мурманск,Северо-Западный ФО,-10.9
Мурманск,Северо-Западный ФО,-4.0
Мурманск,Северо-Западный ФО,-6.6
Мурманск,Северо-Западный ФО,1.2
Мурманск,Северо-Западный ФО,1.5
Мурманск,Северо-Западный ФО,2.0
Мурманск,Северо-Западный ФО,-11.7
Мурманск,Северо-Западный ФО,-8.5
Мурманск,Северо-Западный ФО,-7.0
Мурманск,Северо-Западный ФО,-6.5
Мурманск,Северо-Западный ФО,-7.0
Мурманск,Северо-Западный ФО,-14.0
Мурманск,Северо-Западный ФО,-6.0
Мурманск,Северо-Западный ФО,-21.1
Мурманск,Северо-Западный ФО,-4.0
Мурманск,Северо-Западный ФО,-8.9
Мурманск,Северо-Западный ФО,-9.0
Мурманск,Северо-Западный ФО,-3.5
Мурманск,Северо-Западный ФО,-3.5
Мурманск,Северо-Западный ФО,-13.8
Мурманск,Северо-Западный ФО,-4.5
Мурманск,Северо-Западный ФО,3.2
Мурманск,Северо-Западный ФО,-1.5
Мурманск,Северо-Западный ФО,-1.0
Мурманск,Северо-Западный ФО,-0.7
Мурманск,Северо-Западный ФО,-4.0
Мурманск,Северо-Западный ФО,-7.0
Мурманск,Северо-Западный ФО,1.0
Мурманск,Северо-Западный ФО,-14.0
Петрозаводск,Северо-Западный ФО,-4.0
Петрозаводск,Северо-Западный ФО,0.9
Петрозаводск,Северо-Западный ФО,-4.5
Петрозаводск,Северо-Западный ФО,1.0
Петрозаводск,Северо-Западный ФО,-4.8
Петрозаводск,Северо-Западный ФО,2.6
Петрозаводск,Северо-Западный ФО,4.3
Петрозаводск,Северо-Западный ФО,-1.4
Петрозаводск,Северо-Западный ФО,-2.5
Петрозаводск,Северо-Западный ФО,7.0
Петрозаводск,Северо-Западный ФО,1.4
Петрозаводск,Северо-Западный ФО,-5.0
Петрозаводск,Северо-Западный ФО,-3.7
Петрозаводск,Северо-Западный ФО,6.5
Петрозаводск,Северо-Западный ФО,5.6
Петрозаводск,Северо-Западный ФО,2.1
Петрозаводск,Северо-Западный ФО,0.4
Петрозаводск,Северо-Западный ФО,1.5
Петрозаводск,Северо-Западный ФО,-1.6
Петрозаводск,Северо-Западный ФО,5.7
Петрозаводск,Северо-Западный ФО,1.3
Петрозаводск,Северо-Западный ФО,-0.5
Петрозаводск,Северо-Западный ФО,1.6
Петрозаводск,Северо-Западный ФО,-0.2
Петрозаводск,Северо-Западный ФО,-4.2
Петрозаводск,Северо-Западный ФО,-0.9
Петрозаводск,Северо-Западный ФО,0.3
Петрозаводск,Северо-Западный ФО,2.9
Петрозаводск,Северо-Западный ФО,-5.5
Петрозаводск,Северо-Западный ФО,-3.9
Петрозаводск,Северо-Западный ФО,-6.5
Псков,Северо-Западный ФО,6.3
Псков,Северо-Западный ФО,2.6
Псков,Северо-Западный ФО,1.3
Псков,Северо-Западный ФО,4.3
Псков,Северо-Западный ФО,4.2
Псков,Северо-Западный ФО,3.8
Псков,Северо-Западный ФО,-2.8
Псков,Северо-Западный ФО,5.5
Псков,Северо-Западный ФО,5.1
Псков,Северо-Западный ФО,0.5
Псков,Северо-Западный ФО,1.6
Псков,Северо-Западный ФО,4.1
Псков,Северо-Западный ФО,6.1
Псков,Северо-Западный ФО,-0.7
Псков,Северо-Западный ФО,2.9
Псков,Северо-Западный ФО,-0.9
Псков,Северо-Западный ФО,6.6
Псков,Северо-Западный ФО,1.9
Псков,Северо-Западный ФО,3.0
Псков,Северо-Западный ФО,4.5
Псков,Северо-Западный ФО,0.3
Псков,Северо-Западный ФО,-1.0
Псков,Северо-Западный ФО,2.8
Псков,Северо-Западный ФО,2.6
Псков,Северо-Западный ФО,3.0
Псков,Северо-Западный ФО,6.8
Псков,Северо-Западный ФО,-2.5
Псков,Северо-Западный ФО,-2.8
Псков,Северо-Западный ФО,4.8
Псков,Северо-Западный ФО,4.2
Псков,Северо-Западный ФО,-0.8
Салехард,Северо-Западный ФО,-8.8
Салехард,Северо-Западный ФО,-2.8
Салехард,Северо-Западный ФО,-9.4
Салехард,Северо-Западный ФО,-1.5
Салехард,Северо-Западный ФО,-10.1
Салехард,Северо-Западный ФО,-15.2
Салехард,Северо-Западный ФО,-16.7
Салехард,Северо-Западный ФО,-18.6
Салехард,Северо-Западный ФО,-9.6
Салехард,Северо-Западный ФО,-9.8
Салехард,Северо-Западный ФО,-7.7
Салехард,Северо-Западный ФО,-3.8
Салехард,Северо-Западный ФО,-7.8
Салехард,Северо-Западный ФО,-10.9
Салехард,Северо-Западный ФО,-1.1
Салехард,Северо-Западный ФО,-22.2
Салехард,Северо-Западный ФО,-6.5
Салехард,Северо-Западный ФО,-14.9
Салехард,Северо-Западный ФО,-7.6
Салехард,Северо-Западный ФО,-17.9
Салехард,Северо-Западный ФО,-2.7
Салехард,Северо-Западный ФО,-8.3
Салехард,Северо-Западный ФО,-6.5
Салехард,Северо-Западный ФО,-1.6
Салехард,Северо-Западный ФО,-19.6
Салехард,Северо-Западный ФО,-0.5
Салехард,Северо-Западный ФО,-6.0
Салехард,Северо-Западный ФО,-1.6
Салехард,Северо-Западный ФО,-1.4
Салехард,Северо-Западный ФО,-1.1
Салехард,Северо-Западный ФО,-6.7
Санкт-Петербург,Северо-Западный ФО,4.0
Санкт-Петербург,Северо-Западный ФО,3.5
Санкт-Петербург,Северо-Западный ФО,6.5
Санкт-Петербург,Северо-Западный ФО,4.5
Санкт-Петербург,Северо-Западный ФО,0.8
Санкт-Петербург,Северо-Западный ФО,0.1
Санкт-Петербург,Северо-Западный ФО,0.5
Санкт-Петербург,Северо-Западный ФО,3.5
Санкт-Петербург,Северо-Западный ФО,-2.5
Санкт-Петербург,Северо-Западный ФО,-1.9
Санкт-Петербург,Северо-Западный ФО,3.9
Санкт-Петербург,Северо-Западный ФО,-2.6
Санкт-Петербург,Северо-Западный ФО,1.2
Санкт-Петербург,Северо-Западный ФО,-0.2
Санкт-Петербург,Северо-Западный ФО,2.5
Санкт-Петербург,Северо-Западный ФО,-1.4
Санкт-Петербург,Северо-Западный ФО,3.9
Санкт-Петербург,Северо-Западный ФО,-1.0
Санкт-Петербург,Северо-Западный ФО,0.5
Санкт-Петербург,Северо-Западный ФО,4.5
Санкт-Петербург,Северо-Западный ФО,4.6
Санкт-Петербург,Северо-Западный ФО,2.8
Санкт-Петербург,Северо-Западный ФО,-2.6
Санкт-Петербург,Северо-Западный ФО,1.5
Санкт-Петербург,Северо-Западный ФО,6.8
Санкт-Петербург,Северо-Западный ФО,-1.1
Санкт-Петербург,Северо-Западный ФО,3.0
Санкт-Петербург,Северо-Западный ФО,1.0
Санкт-Петербург,Северо-Западный ФО,-1.3
Санкт-Петербург,Северо-Западный ФО,1.6
Санкт-Петербург,Северо-Западный ФО,5.0
Сыктывкар,Северо-Западный ФО,-2.5
Сыктывкар,Северо-Западный ФО,-2.5
Сыктывкар,Северо-Западный ФО,-8.7
Сыктывкар,Северо-Западный ФО,3.3
Сыктывкар,Северо-Западный ФО,-6.9
Сыктывкар,Северо-Западный ФО,1.8
Сыктывкар,Северо-Западный ФО,-4.8
Сыктывкар,Северо-Западный ФО,-0.1
Сыктывкар,Северо-Западный ФО,2.9
Сыктывкар,Северо-Западный ФО,-3.7
Сыктывкар,Северо-Западный ФО,-1.0
Сыктывкар,Северо-Западный ФО,-2.5
Сыктывкар,Северо-Западный ФО,3.6
Сыктывкар,Северо-Западный ФО,1.0
Сыктывкар,Северо-Западный ФО,4.0
Сыктывкар,Северо-Западный ФО,-1.0
Сыктывкар,Северо-Западный ФО,-1.5
Сыктывкар,Северо-Западный ФО,1.8
Сыктывкар,Северо-Западный ФО,1.1
Сыктывкар,Северо-Западный ФО,-2.1
Сыктывкар,Северо-Западный ФО,-6.0
Сыктывкар,Северо-Западный ФО,-1.0
Сыктывкар,Северо-Западный ФО,2.0
Сыктывкар,Северо-Западный ФО,-1.4
Сыктывкар,Северо-Западный ФО,-8.2
Сыктывкар,Северо-Западный ФО,-1.5
Сыктывкар,Северо-Западный ФО,1.2
Сыктывкар,Северо-Западный ФО,-7.5
Сыктывкар,Северо-Западный ФО,-10.2
Сыктывкар,Северо-Западный ФО,-6.9
Сыктывкар,Северо-Западный ФО,-2.2
Владикавказ,Северо-Кавказский ФО,6.1
Владикавказ,Северо-Кавказский ФО,3.9
Владикавказ,Северо-Кавказский ФО,10.7
Владикавказ,Северо-Кавказский ФО,-0.2
Владикавказ,Северо-Кавказский ФО,9.2
Грозный,Северо-Кавказский ФО,2.8
Грозный,Северо-Кавказский ФО,7.0
Грозный,Северо-Кавказский ФО,10.1
Грозный,Северо-Кавказский ФО,10.9
Грозный,Северо-Кавказский ФО,7.8
Махачкала,Северо-Кавказский ФО,11.2
Махачкала,Северо-Кавказский ФО,8.3
Махачкала,Северо-Кавказский ФО,8.6
Махачкала,Северо-Кавказский ФО,6.9
Махачкала,Северо-Кавказский ФО,6.8
Махачкала,Северо-Кавказский ФО,5.5
Махачкала,Северо-Кавказский ФО,7.4
Махачкала,Северо-Кавказский ФО,5.5
Махачкала,Северо-Кавказский ФО,9.5
Махачкала,Северо-Кавказский ФО,7.9
Махачкала,Северо-Кавказский ФО,3.3
Махачкала,Северо-Кавказский ФО,10.8
Махачкала,Северо-Кавказский ФО,14.4
Махачкала,Северо-Кавказский ФО,3.7
Махачкала,Северо-Кавказский ФО,5.0
Махачкала,Северо-Кавказский ФО,9.3
Махачкала,Северо-Кавказский ФО,8.8
Махачкала,Северо-Кавказский ФО,8.8
Махачкала,Северо-Кавказский ФО,5.7
Махачкала,Северо-Кавказский ФО,8.2
Махачкала,Северо-Кавказский ФО,6.9
Махачкала,Северо-Кавказский ФО,11.3
Махачкала,Северо-Кавказский ФО,7.2
Махачкала,Северо-Кавказский ФО,7.8
Махачкала,Северо-Кавказский ФО,8.2
Махачкала,Северо-Кавказский ФО,3.9
Махачкала,Северо-Кавказский ФО,7.6
Махачкала,Северо-Кавказский ФО,8.8
Махачкала,Северо-Кавказский ФО,9.3
Махачкала,Северо-Кавказский ФО,3.6
Махачкала,Северо-Кавказский ФО,8.4
Нальчик,Северо-Кавказский ФО,4.8
Нальчик,Северо-Кавказский ФО,12.0
Нальчик,Северо-Кавказский ФО,0.0
Нальчик,Северо-Кавказский ФО,4.5
Нальчик,Северо-Кавказский ФО,9.8
Нальчик,Северо-Кавказский ФО,10.3
Нальчик,Северо-Кавказский ФО,10.5
Нальчик,Северо-Кавказский ФО,12.0
Нальчик,Северо-Кавказский ФО,4.5
Нальчик,Северо-Кавказский ФО,11.7
Нальчик,Северо-Кавказский ФО,6.3
Нальчик,Северо-Кавказский ФО,-0.8
Нальчик,Северо-Кавказский ФО,8.5
Нальчик,Северо-Кавказский ФО,12.5
Нальчик,Северо-Кавказский ФО,12.1
Нальчик,Северо-Кавказский ФО,6.0
Нальчик,Северо-Кавказский ФО,13.2
Нальчик,Северо-Кавказский ФО,-0.5
Нальчик,Северо-Кавказский ФО,4.5
Нальчик,Северо-Кавказский ФО,8.5
Нальчик,Северо-Кавказский ФО,2.0
Нальчик,Северо-Кавказский ФО,4.5
Нальчик,Северо-Кавказский ФО,6.3
Нальчик,Северо-Кавказский ФО,0.1
Нальчик,Северо-Кавказский ФО,11.2
Нальчик,Северо-Кавказский ФО,6.5
Нальчик,Северо-Кавказский ФО,9.2
Нальчик,Северо-Кавказский ФО,5.0
Нальчик,Северо-Кавказский ФО,12.1
Нальчик,Северо-Кавказский ФО,-0.7
Нальчик,Северо-Кавказский ФО,8.8
Ставрополь,Северо-Кавказский ФО,4.2
Ставрополь,Северо-Кавказский ФО,0.8
Ставрополь,Северо-Кавказский ФО,9.4
Ставрополь,Северо-Кавказский ФО,10.5
Ставрополь,Северо-Кавказский ФО,13.2
Ставрополь,Северо-Кавказский ФО,-1.5
Ставрополь,Северо-Кавказский ФО,11.5
Ставрополь,Северо-Кавказский ФО,8.6
Ставрополь,Северо-Кавказский ФО,0.4
Ставрополь,Северо-Кавказский ФО,0.2
Ставрополь,Северо-Кавказский ФО,7.1
Ставрополь,Северо-Кавказский ФО,9.4
Ставрополь,Северо-Кавказский ФО,12.8
Ставрополь,Северо-Кавказский ФО,7.3
Ставрополь,Северо-Кавказский ФО,6.4
Ставрополь,Северо-Кавказский ФО,8.9
Ставрополь,Северо-Кавказский ФО,8.0
Ставрополь,Северо-Кавказский ФО,1.5
Ставрополь,Северо-Кавказский ФО,-1.1
Ставрополь,Северо-Кавказский ФО,3.8
Ставрополь,Северо-Кавказский ФО,1.8
Ставрополь,Северо-Кавказский ФО,11.7
Ставрополь,Северо-Кавказский ФО,7.9
Ставрополь,Северо-Кавказский ФО,8.4
Ставрополь,Северо-Кавказский ФО,11.5
Ставрополь,Северо-Кавказский ФО,13.2
Ставрополь,Северо-Кавказский ФО,8.0
Ставрополь,Северо-Кавказский ФО,6.7
Ставрополь,Северо-Кавказский ФО,2.5
Ставрополь,Северо-Кавказский ФО,11.0
Ставрополь,Северо-Кавказский ФО,10.1
Абакан,Сибирский ФО,-5.0
Абакан,Сибирский ФО,3.5
Абакан,Сибирский ФО,2.5
Абакан,Сибирский ФО,-8.0
Абакан,Сибирский ФО,-1.0
Абакан,Сибирский ФО,3.0
Абакан,Сибирский ФО,1.0
Абакан,Сибирский ФО,-1.5
Абакан,Сибирский ФО,-8.0
Абакан,Сибирский ФО,-2.5
Абакан,Сибирский ФО,-11.0
Абакан,Сибирский ФО,-1.0
Абакан,Сибирский ФО,0.5
Абакан,Сибирский ФО,2.0
Абакан,Сибирский ФО,-7.5
Абакан,Сибирский ФО,-1.5
Абакан,Сибирский ФО,7.0
Абакан,Сибирский ФО,0.0
Абакан,Сибирский ФО,-7.0
Абакан,Сибирский ФО,1.0
Абакан,Сибирский ФО,5.0
Абакан,Сибирский ФО,8.0
Абакан,Сибирский ФО,-15.5
Абакан,Сибирский ФО,-6.5
Абакан,Сибирский ФО,2.0
Абакан,Сибирский ФО,2.5
Абакан,Сибирский ФО,2.5
Абакан,Сибирский ФО,-8.0
Абакан,Сибирский ФО,0.0
Абакан,Сибирский ФО,-8.5
Абакан,Сибирский ФО,1.0
Барнаул,Сибирский ФО,3.5
Барнаул,Сибирский ФО,1.1
Барнаул,Сибирский ФО,-5.9
Барнаул,Сибирский ФО,-11.2
Барнаул,Сибирский ФО,0.8
Барнаул,Сибирский ФО,-1.2
Барнаул,Сибирский ФО,-6.0
Барнаул,Сибирский ФО,-11.3
Барнаул,Сибирский ФО,-1.3
Барнаул,Сибирский ФО,2.9
Барнаул,Сибирский ФО,-4.5
Барнаул,Сибирский ФО,-10.1
Барнаул,Сибирский ФО,-1.0
Барнаул,Сибирский ФО,-16.0
Барнаул,Сибирский ФО,-2.7
Барнаул,Сибирский ФО,-5.4
Барнаул,Сибирский ФО,-0.9
Барнаул,Сибирский ФО,-0.5
Барнаул,Сибирский ФО,0.8
Барнаул,Сибирский ФО,-10.6
Барнаул,Сибирский ФО,-2.5
Барнаул,Сибирский ФО,-4.9
Барнаул,Сибирский ФО,-2.3
Барнаул,Сибирский ФО,0.5
Барнаул,Сибирский ФО,-8.2
Барнаул,Сибирский ФО,-3.6
Барнаул,Сибирский ФО,0.0
Барнаул,Сибирский ФО,-11.4
Барнаул,Сибирский ФО,0.8
Барнаул,Сибирский ФО,-6.0
Барнаул,Сибирский ФО,-1.3
Иркутск,Сибирский ФО,0.4
Иркутск,Сибирский ФО,1.4
Иркутск,Сибирский ФО,2.5
Иркутск,Сибирский ФО,-0.9
Иркутск,Сибирский ФО,-8.1
Иркутск,Сибирский ФО,2.6
Иркутск,Сибирский ФО,-2.4
Иркутск,Сибирский ФО,-5.8
Иркутск,Сибирский ФО,4.5
Иркутск,Сибирский ФО,-7.4
Иркутск,Сибирский ФО,-5.5
Иркутск,Сибирский ФО,-6.2
Иркутск,Сибирский ФО,-1.5
Иркутск,Сибирский ФО,0.0
Иркутск,Сибирский ФО,-8.8
Иркутск,Сибирский ФО,-9.4
Иркутск,Сибирский ФО,-5.3
Иркутск,Сибирский ФО,1.7
Иркутск,Сибирский ФО,1.0
Иркутск,Сибирский ФО,-6.8
Иркутск,Сибирский ФО,-9.7
Иркутск,Сибирский ФО,-3.4
Иркутск,Сибирский ФО,-8.9
Иркутск,Сибирский ФО,-11.1
Иркутск,Сибирский ФО,5.0
Иркутск,Сибирский ФО,-6.5
Иркутск,Сибирский ФО,-5.8
Иркутск,Сибирский ФО,2.2
Иркутск,Сибирский ФО,-2.0
Иркутск,Сибирский ФО,1.0
Иркутск,Сибирский ФО,-11.8
Кемерово,Сибирский ФО,-2.7
Кемерово,Сибирский ФО,3.0
Кемерово,Сибирский ФО,-8.7
Кемерово,Сибирский ФО,-11.8
Кемерово,Сибирский ФО,2.4
Кемерово,Сибирский ФО,-3.7
Кемерово,Сибирский ФО,-10.2
Кемерово,Сибирский ФО,1.1
Кемерово,Сибирский ФО,-1.1
Кемерово,Сибирский ФО,0.6
Кемерово,Сибирский ФО,-0.5
Кемерово,Сибирский ФО,-5.0
Кемерово,Сибирский ФО,0.9
Кемерово,Сибирский ФО,0.7
Кемерово,Сибирский ФО,-7.4
Кемерово,Сибирский ФО,-9.2
Кемерово,Сибирский ФО,-4.4
Кемерово,Сибирский ФО,-5.6
Кемерово,Сибирский ФО,-1.9
Кемерово,Сибирский ФО,-12.4
Кемерово,Сибирский ФО,-4.6
Кемерово,Сибирский ФО,-6.3
Кемерово,Сибирский ФО,0.6
Кемерово,Сибирский ФО,-17.0
Кемерово,Сибирский ФО,-1.5
Кемерово,Сибирский ФО,-12.9
Кемерово,Сибирский ФО,-4.9
Кемерово,Сибирский ФО,3.1
Кемерово,Сибирский ФО,-0.2
Кемерово,Сибирский ФО,-5.3
Кемерово,Сибирский ФО,3.6
Кызыл,Сибирский ФО,-10.8
Кызыл,Сибирский ФО,-10.3
Кызыл,Сибирский ФО,-12.2
Кызыл,Сибирский ФО,-12.4
Кызыл,Сибирский ФО,-3.6
Кызыл,Сибирский ФО,-11.9
Кызыл,Сибирский ФО,-16.4
Кызыл,Сибирский ФО,-7.9
Кызыл,Сибирский ФО,-13.4
Кызыл,Сибирский ФО,-12.2
Кызыл,Сибирский ФО,-4.8
Кызыл,Сибирский ФО,-2.6
Кызыл,Сибирский ФО,-17.2
Кызыл,Сибирский ФО,-16.7
Кызыл,Сибирский ФО,-10.8
Кызыл,Сибирский ФО,-2.2
Кызыл,Сибирский ФО,-4.0
Кызыл,Сибирский ФО,0.1
Кызыл,Сибирский ФО,-7.9
Кызыл,Сибирский ФО,-4.1
Кызыл,Сибирский ФО,-3.4
Кызыл,Сибирский ФО,-6.3
Кызыл,Сибирский ФО,-2.1
Кызыл,Сибирский ФО,-14.2
Кызыл,Сибирский ФО,-2.8
Кызыл,Сибирский ФО,-13.0
Кызыл,Сибирский ФО,-5.6
Кызыл,Сибирский ФО,-14.2
Кызыл,Сибирский ФО,-11.9
Кызыл,Сибирский ФО,-5.2
Кызыл,Сибирский ФО,-4.3
Новосибирск,Сибирский ФО,-9.5
Новосибирск,Сибирский ФО,-8.0
Новосибирск,Сибирский ФО,-1.0
Новосибирск,Сибирский ФО,-2.5
Новосибирск,Сибирский ФО,-10.0
Новосибирск,Сибирский ФО,-2.0
Новосибирск,Сибирский ФО,-3.5
Новосибирск,Сибирский ФО,-11.5
Новосибирск,Сибирский ФО,-4.0
Новосибирск,Сибирский ФО,-6.5
Новосибирск,Сибирский ФО,3.0
Новосибирск,Сибирский ФО,-9.0
Новосибирск,Сибирский ФО,-3.0
Новосибирск,Сибирский ФО,-1.0
Новосибирск,Сибирский ФО,-1.0
Новосибирск,Сибирский ФО,-2.0
Новосибирск,Сибирский ФО,-2.0
Новосибирск,Сибирский ФО,-2.0
Новосибирск,Сибирский ФО,-1.5
Новосибирск,Сибирский ФО,3.0
Новосибирск,Сибирский ФО,-4.5
Новосибирск,Сибирский ФО,3.0
Новосибирск,Сибирский ФО,-5.5
Новосибирск,Сибирский ФО,-0.5
Новосибирск,Сибирский ФО,2.0
Новосибирск,Сибирский ФО,-2.5
Новосибирск,Сибирский ФО,-17.0
Новосибирск,Сибирский ФО,-10.5
Новосибирск,Сибирский ФО,-17.5
Новосибирск,Сибирский ФО,-0.5
Новосибирск,Сибирский ФО,0.5
Омск,Сибирский ФО,-0.4
Омск,Сибирский ФО,0.0
Омск,Сибирский ФО,1.9
Омск,Сибирский ФО,-12.0
Омск,Сибирский ФО,-1.9
Омск,Сибирский ФО,-1.2
Омск,Сибирский ФО,-6.8
Омск,Сибирский ФО,-5.0
Омск,Сибирский ФО,-4.8
Омск,Сибирский ФО,-3.2
Омск,Сибирский ФО,-4.2
Омск,Сибирский ФО,-0.9
Омск,Сибирский ФО,0.9
Омск,Сибирский ФО,-2.5
Омск,Сибирский ФО,-5.2
Омск,Сибирский ФО,-4.2
Омск,Сибирский ФО,1.5
Омск,Сибирский ФО,-1.9
Омск,Сибирский ФО,-0.2
Омск,Сибирский ФО,-6.7
Омск,Сибирский ФО,1.0
Омск,Сибирский ФО,3.0
Омск,Сибирский ФО,-3.4
Омск,Сибирский ФО,-1.1
Омск,Сибирский ФО,-5.3
Омск,Сибирский ФО,-14.4
Омск,Сибирский ФО,1.8
Омск,Сибирский ФО,3.5
Омск,Сибирский ФО,-0.6
Омск,Сибирский ФО,1.5
Омск,Сибирский ФО,-6.2
Томск,Сибирский ФО,0.2
Томск,Сибирский ФО,1.9
Томск,Сибирский ФО,-0.2
Томск,Сибирский ФО,-8.5
Томск,Сибирский ФО,-0.2
Томск,Сибирский ФО,-8.1
Томск,Сибирский ФО,-10.3
Томск,Сибирский ФО,-3.2
Томск,Сибирский ФО,-0.4
Томск,Сибирский ФО,-0.2
Томск,Сибирский ФО,-1.1
Томск,Сибирский ФО,-2.7
Томск,Сибирский ФО,-4.1
Томск,Сибирский ФО,-5.8
Томск,Сибирский ФО,-1.6
Томск,Сибирский ФО,-13.8
Томск,Сибирский ФО,-5.0
Томск,Сибирский ФО,2.8
Томск,Сибирский ФО,-3.3
Томск,Сибирский ФО,-16.6
Томск,Сибирский ФО,-11.0
Томск,Сибирский ФО,-7.8
Томск,Сибирский ФО,2.7
Томск,Сибирский ФО,3.7
Томск,Сибирский ФО,-9.3
Томск,Сибирский ФО,-1.9
Томск,Сибирский ФО,-1.7
Томск,Сибирский ФО,-1.9
Томск,Сибирский ФО,-4.2
Томск,Сибирский ФО,-6.2
Томск,Сибирский ФО,2.6
Улан-Удэ,Сибирский ФО,-8.0
Улан-Удэ,Сибирский ФО,-13.7
Улан-Удэ,Сибирский ФО,-2.2
Улан-Удэ,Сибирский ФО,-2.0
Улан-Удэ,Сибирский ФО,-10.8
Улан-Удэ,Сибирский ФО,3.5
Улан-Удэ,Сибирский ФО,-9.0
Улан-Удэ,Сибирский ФО,-1.4
Улан-Удэ,Сибирский ФО,-14.5
Улан-Удэ,Сибирский ФО,-11.6
Улан-Удэ,Сибирский ФО,0.2
Улан-Удэ,Сибирский ФО,-1.0
Улан-Удэ,Сибирский ФО,-10.4
Улан-Удэ,Сибирский ФО,-3.0
Улан-Удэ,Сибирский ФО,-9.4
Улан-Удэ,Сибирский ФО,-7.2
Улан-Удэ,Сибирский ФО,-12.4
Улан-Удэ,Сибирский ФО,-16.0
Улан-Удэ,Сибирский ФО,1.4
Улан-Удэ,Сибирский ФО,1.0
Улан-Удэ,Сибирский ФО,-0.1
Улан-Удэ,Сибирский ФО,-1.0
Улан-Удэ,Сибирский ФО,4.2
Улан-Удэ,Сибирский ФО,-10.5
Улан-Удэ,Сибирский ФО,-9.8
Улан-Удэ,Сибирский ФО,-0.3
Улан-Удэ,Сибирский ФО,2.2
Улан-Удэ,Сибирский ФО,-0.5
Улан-Удэ,Сибирский ФО,-11.4
Улан-Удэ,Сибирский ФО,0.0
Улан-Удэ,Сибирский ФО,-1.5
Чита,Сибирский ФО,-13.8
Чита,Сибирский ФО,-2.5
Чита,Сибирский ФО,-8.6
Чита,Сибирский ФО,-13.2
Чита,Сибирский ФО,-10.8
Чита,Сибирский ФО,-4.5
Чита,Сибирский ФО,-6.0
Чита,Сибирский ФО,-10.4
Чита,Сибирский ФО,-7.7
Чита,Сибирский ФО,-1.6
Чита,Сибирский ФО,-12.8
Чита,Сибирский ФО,-3.1
Чита,Сибирский ФО,-5.1
Чита,Сибирский ФО,-10.0
Чита,Сибирский ФО,-0.2
Чита,Сибирский ФО,-7.5
Чита,Сибирский ФО,-6.8
Чита,Сибирский ФО,-11.1
Чита,Сибирский ФО,0.6
Чита,Сибирский ФО,-13.2
Чита,Сибирский ФО,0.5
Чита,Сибирский ФО,3.8
Чита,Сибирский ФО,-7.7
Чита,Сибирский ФО,1.0
Чита,Сибирский ФО,0.1
Чита,Сибирский ФО,-0.4
Чита,Сибирский ФО,-13.8
Чита,Сибирский ФО,-2.4
Чита,Сибирский ФО,-12.6
Чита,Сибирский ФО,4.4
Чита,Сибирский ФО,-11.0
Екатеринбург,Уральский ФО,3.9
Екатеринбург,Уральский ФО,6.5
Екатеринбург,Уральский ФО,1.0
Екатеринбург,Уральский ФО,5.2
Екатеринбург,Уральский ФО,3.6
Екатеринбург,Уральский ФО,-1.0
Екатеринбург,Уральский ФО,4.6
Екатеринбург,Уральский ФО,2.5
Екатеринбург,Уральский ФО,-2.2
Екатеринбург,Уральский ФО,-1.2
Екатеринбург,Уральский ФО,0.7
Екатеринбург,Уральский ФО,0.5
Екатеринбург,Уральский ФО,2.1
Екатеринбург,Уральский ФО,-1.5
Екатеринбург,Уральский ФО,-4.5
Екатеринбург,Уральский ФО,-4.0
Екатеринбург,Уральский ФО,7.9
Екатеринбург,Уральский ФО,0.9
Екатеринбург,Уральский ФО,-5.1
Екатеринбург,Уральский ФО,5.0
Екатеринбург,Уральский ФО,-9.6
Екатеринбург,Уральский ФО,-0.6
Екатеринбург,Уральский ФО,-10.1
Екатеринбург,Уральский ФО,1.8
Екатеринбург,Уральский ФО,1.4
Екатеринбург,Уральский ФО,-6.0
Екатеринбург,Уральский ФО,-1.0
Екатеринбург,Уральский ФО,-2.4
Екатеринбург,Уральский ФО,-1.0
Екатеринбург,Уральский ФО,-2.2
Екатеринбург,Уральский ФО,0.9
Курган,Уральский ФО,2.0
Курган,Уральский ФО,-0.3
Курган,Уральский ФО,0.6
Курган,Уральский ФО,5.7
Курган,Уральский ФО,-0.1
Курган,Уральский ФО,3.4
Курган,Уральский ФО,2.5
Курган,Уральский ФО,-3.0
Курган,Уральский ФО,6.2
Курган,Уральский ФО,2.1
Курган,Уральский ФО,0.9
Курган,Уральский ФО,0.0
Курган,Уральский ФО,-3.2
Курган,Уральский ФО,-1.2
Курган,Уральский ФО,2.4
Курган,Уральский ФО,1.8
Курган,Уральский ФО,-2.9
Курган,Уральский ФО,6.5
Курган,Уральский ФО,0.8
Курган,Уральский ФО,1.2
Курган,Уральский ФО,-8.2
Курган,Уральский ФО,3.0
Курган,Уральский ФО,-1.8
Курган,Уральский ФО,-0.4
Курган,Уральский ФО,2.5
Курган,Уральский ФО,-5.4
Курган,Уральский ФО,-2.8
Курган,Уральский ФО,0.9
Курган,Уральский ФО,-0.7
Курган,Уральский ФО,3.5
Курган,Уральский ФО,-6.6
Тюмень,Уральский ФО,-2.8
Тюмень,Уральский ФО,7.2
Тюмень,Уральский ФО,-1.8
Тюмень,Уральский ФО,0.5
Тюмень,Уральский ФО,2.1
Тюмень,Уральский ФО,-0.1
Тюмень,Уральский ФО,-0.3
Тюмень,Уральский ФО,0.6
Тюмень,Уральский ФО,-8.2
Тюмень,Уральский ФО,7.7
Тюмень,Уральский ФО,-5.6
Тюмень,Уральский ФО,1.3
Тюмень,Уральский ФО,0.7
Тюмень,Уральский ФО,-0.5
Тюмень,Уральский ФО,0.3
Тюмень,Уральский ФО,5.0
Тюмень,Уральский ФО,-2.3
Тюмень,Уральский ФО,2.5
Тюмень,Уральский ФО,-4.2
Тюмень,Уральский ФО,-2.3
Тюмень,Уральский ФО,3.8
Тюмень,Уральский ФО,2.2
Тюмень,Уральский ФО,3.4
Тюмень,Уральский ФО,-2.1
Тюмень,Уральский ФО,-0.4
Тюмень,Уральский ФО,-5.5
Тюмень,Уральский ФО,2.5
Тюмень,Уральский ФО,3.0
Тюмень,Уральский ФО,6.5
Тюмень,Уральский ФО,0.4
Тюмень,Уральский ФО,-6.9
Ханты-Мансийск,Уральский ФО,-1.1
Ханты-Мансийск,Уральский ФО,-0.9
Ханты-Мансийск,Уральский ФО,-1.5
Ханты-Мансийск,Уральский ФО,0.0
Ханты-Мансийск,Уральский ФО,-7.6
Ханты-Мансийск,Уральский ФО,-2.5
Ханты-Мансийск,Уральский ФО,-5.1
Ханты-Мансийск,Уральский ФО,-15.2
Ханты-Мансийск,Уральский ФО,-7.5
Ханты-Мансийск,Уральский ФО,3.8
Ханты-Мансийск,Уральский ФО,-5.6
Ханты-Мансийск,Уральский ФО,-0.1
Ханты-Мансийск,Уральский ФО,-3.1
Ханты-Мансийск,Уральский ФО,-1.0
Ханты-Мансийск,Уральский ФО,4.5
Ханты-Мансийск,Уральский ФО,0.8
Ханты-Мансийск,Уральский ФО,-5.6
Ханты-Мансийск,Уральский ФО,0.1
Ханты-Мансийск,Уральский ФО,-0.8
Ханты-Мансийск,Уральский ФО,-12.1
Ханты-Мансийск,Уральский ФО,1.8
Ханты-Мансийск,Уральский ФО,0.4
Ханты-Мансийск,Уральский ФО,-11.2
Ханты-Мансийск,Уральский ФО,1.1
Ханты-Мансийск,Уральский ФО,-7.7
Ханты-Мансийск,Уральский ФО,-8.2
Ханты-Мансийск,Уральский ФО,2.4
Ханты-Мансийск,Уральский ФО,-3.9
Ханты-Мансийск,Уральский ФО,1.0
Ханты-Мансийск,Уральский ФО,-1.5
Ханты-Мансийск,Уральский ФО,-6.3
Челябинск,Уральский ФО,-4.9
Челябинск,Уральский ФО,2.8
Челябинск,Уральский ФО,-4.3
Челябинск,Уральский ФО,5.1
Челябинск,Уральский ФО,0.2
Челябинск,Уральский ФО,0.2
Челябинск,Уральский ФО,0.4
Челябинск,Уральский ФО,1.6
Челябинск,Уральский ФО,2.5
Челябинск,Уральский ФО,-4.6
Челябинск,Уральский ФО,5.1
Челябинск,Уральский ФО,0.5
Челябинск,Уральский ФО,1.8
Челябинск,Уральский ФО,1.2
Челябинск,Уральский ФО,4.3
Челябинск,Уральский ФО,1.8
Челябинск,Уральский ФО,0.4
Брянск,Центральный  ФО,10.1
Брянск,Центральный  ФО,2.0
Брянск,Центральный  ФО,5.7
Брянск,Центральный  ФО,4.8
Брянск,Центральный  ФО,6.7
Брянск,Центральный  ФО,2.7
Брянск,Центральный  ФО,8.0
Брянск,Центральный  ФО,-0.6
Брянск,Центральный  ФО,9.7
Брянск,Центральный  ФО,10.5
Брянск,Центральный  ФО,8.5
Брянск,Центральный  ФО,-4.0
Брянск,Центральный  ФО,-2.4
Брянск,Центральный  ФО,10.1
Брянск,Центральный  ФО,1.4
Брянск,Центральный  ФО,6.5
Брянск,Центральный  ФО,2.5
Брянск,Центральный  ФО,-1.0
Брянск,Центральный  ФО,3.2
Брянск,Центральный  ФО,4.9
Брянск,Центральный  ФО,9.3
Брянск,Центральный  ФО,4.0
Брянск,Центральный  ФО,-2.4
Брянск,Центральный  ФО,3.9
Брянск,Центральный  ФО,5.7
Брянск,Центральный  ФО,7.2
Брянск,Центральный  ФО,10.0
Брянск,Центральный  ФО,2.5
Брянск,Центральный  ФО,9.2
Брянск,Центральный  ФО,-1.4
Брянск,Центральный  ФО,4.5
Владимир,Центральный  ФО,3.1
Владимир,Центральный  ФО,7.5
Владимир,Центральный  ФО,-4.1
Владимир,Центральный  ФО,3.6
Владимир,Центральный  ФО,3.2
Владимир,Центральный  ФО,1.6
Владимир,Центральный  ФО,-2.4
Владимир,Центральный  ФО,8.6
Владимир,Центральный  ФО,5.5
Владимир,Центральный  ФО,2.8
Владимир,Центральный  ФО,10.4
Владимир,Центральный  ФО,5.4
Владимир,Центральный  ФО,6.3
Владимир,Центральный  ФО,1.9
Владимир,Центральный  ФО,-1.4
Владимир,Центральный  ФО,8.0
Владимир,Центральный  ФО,5.3
Владимир,Центральный  ФО,2.9
Владимир,Центральный  ФО,-4.6
Владимир,Центральный  ФО,5.4
Владимир,Центральный  ФО,4.1
Владимир,Центральный  ФО,4.1
Владимир,Центральный  ФО,2.0
Владимир,Центральный  ФО,1.5
Владимир,Центральный  ФО,-4.0
Владимир,Центральный  ФО,-5.2
Владимир,Центральный  ФО,-3.5
Владимир,Центральный  ФО,-0.8
Владимир,Центральный  ФО,6.5
Владимир,Центральный  ФО,1.8
Владимир,Центральный  ФО,1.9
Воронеж,Центральный  ФО,6.7
Воронеж,Центральный  ФО,5.6
Воронеж,Центральный  ФО,10.4
Воронеж,Центральный  ФО,7.7
Воронеж,Центральный  ФО,-1.6
Воронеж,Центральный  ФО,9.1
Воронеж,Центральный  ФО,7.7
Воронеж,Центральный  ФО,3.7
Воронеж,Центральный  ФО,10.7
Воронеж,Центральный  ФО,11.2
Воронеж,Центральный  ФО,2.4
Воронеж,Центральный  ФО,10.5
Воронеж,Центральный  ФО,4.3
Воронеж,Центральный  ФО,13.6
Воронеж,Центральный  ФО,8.3
Воронеж,Центральный  ФО,4.9
Воронеж,Центральный  ФО,3.7
Воронеж,Центральный  ФО,7.0
Воронеж,Центральный  ФО,11.4
Воронеж,Центральный  ФО,6.2
Воронеж,Центральный  ФО,-1.5
Воронеж,Центральный  ФО,6.2
Воронеж,Центральный  ФО,0.7
Воронеж,Центральный  ФО,-0.8
Воронеж,Центральный  ФО,8.2
Воронеж,Центральный  ФО,9.2
Воронеж,Центральный  ФО,-0.8
Воронеж,Центральный  ФО,1.2
Воронеж,Центральный  ФО,-0.5
Воронеж,Центральный  ФО,3.5
Воронеж,Центральный  ФО,11.7
Иваново,Центральный  ФО,1.6
Иваново,Центральный  ФО,-4.1
Иваново,Центральный  ФО,5.7
Иваново,Центральный  ФО,-3.3
Иваново,Центральный  ФО,1.8
Иваново,Центральный  ФО,4.5
Иваново,Центральный  ФО,5.0
Иваново,Центральный  ФО,4.8
Иваново,Центральный  ФО,2.0
Иваново,Центральный  ФО,2.3
Иваново,Центральный  ФО,-2.5
Иваново,Центральный  ФО,-2.8
Иваново,Центральный  ФО,-1.0
Иваново,Центральный  ФО,-4.8
Иваново,Центральный  ФО,-3.8
Иваново,Центральный  ФО,4.0
Иваново,Центральный  ФО,10.2
Иваново,Центральный  ФО,2.5
Иваново,Центральный  ФО,7.5
Иваново,Центральный  ФО,0.3
Иваново,Центральный  ФО,3.9
Иваново,Центральный  ФО,2.3
Иваново,Центральный  ФО,1.7
Иваново,Центральный  ФО,-4.0
Иваново,Центральный  ФО,3.0
Иваново,Центральный  ФО,1.4
Иваново,Центральный  ФО,4.8
Иваново,Центральный  ФО,3.8
Иваново,Центральный  ФО,7.4
Иваново,Центральный  ФО,5.0
Иваново,Центральный  ФО,0.9
Калуга,Центральный  ФО,2.0
Калуга,Центральный  ФО,5.5
Калуга,Центральный  ФО,5.0
Калуга,Центральный  ФО,6.5
Калуга,Центральный  ФО,-1.5
Калуга,Центральный  ФО,7.0
Калуга,Центральный  ФО,9.5
Калуга,Центральный  ФО,7.5
Калуга,Центральный  ФО,-4.0
Калуга,Центральный  ФО,6.5
Калуга,Центральный  ФО,2.0
Калуга,Центральный  ФО,1.0
Калуга,Центральный  ФО,5.5
Калуга,Центральный  ФО,5.5
Калуга,Центральный  ФО,4.5
Калуга,Центральный  ФО,-1.5
Калуга,Центральный  ФО,7.5
Калуга,Центральный  ФО,-3.5
Калуга,Центральный  ФО,4.0
Калуга,Центральный  ФО,-1.5
Калуга,Центральный  ФО,3.0
Калуга,Центральный  ФО,8.0
Калуга,Центральный  ФО,5.5
Калуга,Центральный  ФО,-0.5
Калуга,Центральный  ФО,6.5
Калуга,Центральный  ФО,8.0
Калуга,Центральный  ФО,1.5
Калуга,Центральный  ФО,2.5
Калуга,Центральный  ФО,-2.0
Калуга,Центральный  ФО,4.5
Калуга,Центральный  ФО,3.5
Кострома,Центральный  ФО,2.2
Кострома,Центральный  ФО,-3.1
Кострома,Центральный  ФО,-2.5
Кострома,Центральный  ФО,1.1
Кострома,Центральный  ФО,1.7
Кострома,Центральный  ФО,3.3
Кострома,Центральный  ФО,1.8
Кострома,Центральный  ФО,2.8
Кострома,Центральный  ФО,-1.9
Кострома,Центральный  ФО,-3.0
Кострома,Центральный  ФО,3.8
Кострома,Центральный  ФО,2.5
Кострома,Центральный  ФО,3.4
Кострома,Центральный  ФО,-4.9
Кострома,Центральный  ФО,4.5
Кострома,Центральный  ФО,2.9
Кострома,Центральный  ФО,1.7
Кострома,Центральный  ФО,0.8
Кострома,Центральный  ФО,-3.9
Кострома,Центральный  ФО,0.4
Кострома,Центральный  ФО,5.4
Кострома,Центральный  ФО,-2.5
Кострома,Центральный  ФО,-3.5
Кострома,Центральный  ФО,6.2
Кострома,Центральный  ФО,4.1
Кострома,Центральный  ФО,4.3
Кострома,Центральный  ФО,7.9
Кострома,Центральный  ФО,8.0
Кострома,Центральный  ФО,1.8
Кострома,Центральный  ФО,-2.7
Кострома,Центральный  ФО,7.2
Курск,Центральный  ФО,14.1
Курск,Центральный  ФО,-2.6
Курск,Центральный  ФО,10.7
Курск,Центральный  ФО,-1.1
Курск,Центральный  ФО,6.3
Курск,Центральный  ФО,7.8
Курск,Центральный  ФО,5.2
Курск,Центральный  ФО,5.7
Курск,Центральный  ФО,-0.4
Курск,Центральный  ФО,-0.8
Курск,Центральный  ФО,8.5
Курск,Центральный  ФО,8.3
Курск,Центральный  ФО,7.7
Курск,Центральный  ФО,2.4
Курск,Центральный  ФО,4.0
Курск,Центральный  ФО,3.6
Курск,Центральный  ФО,4.5
Курск,Центральный  ФО,8.8
Курск,Центральный  ФО,-3.4
Курск,Центральный  ФО,3.4
Курск,Центральный  ФО,2.2
Курск,Центральный  ФО,2.5
Курск,Центральный  ФО,8.4
Курск,Центральный  ФО,6.5
Курск,Центральный  ФО,-3.0
Курск,Центральный  ФО,3.5
Курск,Центральный  ФО,10.0
Курск,Центральный  ФО,8.9
Курск,Центральный  ФО,11.3
Курск,Центральный  ФО,7.8
Курск,Центральный  ФО,9.6
Липецк,Центральный  ФО,1.8
Липецк,Центральный  ФО,9.8
Липецк,Центральный  ФО,8.8
Липецк,Центральный  ФО,0.9
Липецк,Центральный  ФО,6.2
Липецк,Центральный  ФО,9.1
Липецк,Центральный  ФО,5.0
Липецк,Центральный  ФО,-2.8
Липецк,Центральный  ФО,3.4
Липецк,Центральный  ФО,-1.0
Липецк,Центральный  ФО,3.4
Липецк,Центральный  ФО,2.9
Липецк,Центральный  ФО,8.0
Липецк,Центральный  ФО,-2.5
Липецк,Центральный  ФО,-1.6
Липецк,Центральный  ФО,1.3
Липецк,Центральный  ФО,4.5
Липецк,Центральный  ФО,4.9
Липецк,Центральный  ФО,7.8
Липецк,Центральный  ФО,6.8
Липецк,Центральный  ФО,6.8
Липецк,Центральный  ФО,-2.0
Липецк,Центральный  ФО,6.5
Липецк,Центральный  ФО,-1.7
Липецк,Центральный  ФО,2.9
Липецк,Центральный  ФО,4.1
Липецк,Центральный  ФО,5.0
Липецк,Центральный  ФО,8.5
Липецк,Центральный  ФО,6.0
Липецк,Центральный  ФО,12.0
Липецк,Центральный  ФО,8.8
Москва,Центральный  ФО,-2.0
Москва,Центральный  ФО,8.8
Москва,Центральный  ФО,4.9
Москва,Центральный  ФО,8.4
Москва,Центральный  ФО,4.5
Москва,Центральный  ФО,6.7
Москва,Центральный  ФО,-1.2
Москва,Центральный  ФО,3.6
Москва,Центральный  ФО,5.0
Москва,Центральный  ФО,5.2
Москва,Центральный  ФО,6.2
Москва,Центральный  ФО,0.9
Москва,Центральный  ФО,-1.3
Москва,Центральный  ФО,6.2
Москва,Центральный  ФО,4.8
Москва,Центральный  ФО,3.2
Москва,Центральный  ФО,6.5
Москва,Центральный  ФО,-2.5
Москва,Центральный  ФО,-0.4
Москва,Центральный  ФО,5.3
Москва,Центральный  ФО,6.5
Москва,Центральный  ФО,-3.4
Москва,Центральный  ФО,3.6
Москва,Центральный  ФО,-4.2
Москва,Центральный  ФО,5.1
Москва,Центральный  ФО,1.6
Москва,Центральный  ФО,8.2
Москва,Центральный  ФО,6.6
Москва,Центральный  ФО,9.0
Москва,Центральный  ФО,9.9
Москва,Центральный  ФО,-0.3
Орел,Центральный  ФО,7.9
Орел,Центральный  ФО,0.7
Орел,Центральный  ФО,11.1
Орел,Центральный  ФО,8.7
Орел,Центральный  ФО,6.6
Орел,Центральный  ФО,2.5
Орел,Центральный  ФО,5.9
Орел,Центральный  ФО,8.9
Орел,Центральный  ФО,4.2
Орел,Центральный  ФО,10.6
Орел,Центральный  ФО,-2.4
Орел,Центральный  ФО,3.8
Орел,Центральный  ФО,8.8
Орел,Центральный  ФО,6.5
Орел,Центральный  ФО,8.2
Орел,Центральный  ФО,4.5
Орел,Центральный  ФО,-1.1
Орел,Центральный  ФО,4.3
Орел,Центральный  ФО,8.2
Орел,Центральный  ФО,-3.1
Орел,Центральный  ФО,0.1
Орел,Центральный  ФО,7.4
Орел,Центральный  ФО,5.0
Орел,Центральный  ФО,5.4
Орел,Центральный  ФО,1.2
Орел,Центральный  ФО,-2.1
Орел,Центральный  ФО,9.3
Орел,Центральный  ФО,5.1
Орел,Центральный  ФО,-4.2
Орел,Центральный  ФО,-1.6
Орел,Центральный  ФО,7.0
Рязань,Центральный  ФО,7.3
Рязань,Центральный  ФО,4.9
Рязань,Центральный  ФО,6.8
Рязань,Центральный  ФО,3.6
Рязань,Центральный  ФО,2.9
Рязань,Центральный  ФО,2.7
Рязань,Центральный  ФО,-3.4
Рязань,Центральный  ФО,5.5
Рязань,Центральный  ФО,-2.2
Рязань,Центральный  ФО,7.0
Рязань,Центральный  ФО,0.5
Рязань,Центральный  ФО,8.6
Рязань,Центральный  ФО,-0.7
Рязань,Центральный  ФО,9.4
Рязань,Центральный  ФО,-2.2
Рязань,Центральный  ФО,-0.9
Рязань,Центральный  ФО,5.0
Рязань,Центральный  ФО,5.8
Рязань,Центральный  ФО,7.4
Рязань,Центральный  ФО,1.9
Рязань,Центральный  ФО,10.4
Рязань,Центральный  ФО,1.6
Рязань,Центральный  ФО,4.9
Рязань,Центральный  ФО,7.0
Рязань,Центральный  ФО,5.3
Рязань,Центральный  ФО,7.8
Рязань,Центральный  ФО,-2.8
Рязань,Центральный  ФО,3.8
Рязань,Центральный  ФО,3.8
Рязань,Центральный  ФО,10.5
Рязань,Центральный  ФО,1.3
Смоленск,Центральный  ФО,-1.7
Смоленск,Центральный  ФО,9.2
Смоленск,Центральный  ФО,-1.0
Смоленск,Центральный  ФО,-2.8
Смоленск,Центральный  ФО,-2.6
Смоленск,Центральный  ФО,7.8
Смоленск,Центральный  ФО,4.0
Смоленск,Центральный  ФО,-2.4
Смоленск,Центральный  ФО,2.9
Смоленск,Центральный  ФО,5.7
Смоленск,Центральный  ФО,1.3
Смоленск,Центральный  ФО,4.8
Смоленск,Центральный  ФО,2.4
Смоленск,Центральный  ФО,6.1
Смоленск,Центральный  ФО,1.3
Смоленск,Центральный  ФО,5.8
Смоленск,Центральный  ФО,5.5
Смоленск,Центральный  ФО,3.7
Смоленск,Центральный  ФО,5.0
Смоленск,Центральный  ФО,6.2
Смоленск,Центральный  ФО,-1.6
Смоленск,Центральный  ФО,-0.9
Смоленск,Центральный  ФО,4.6
Смоленск,Центральный  ФО,8.2
Смоленск,Центральный  ФО,4.6
Смоленск,Центральный  ФО,2.1
Смоленск,Центральный  ФО,3.2
Смоленск,Центральный  ФО,-1.3
Смоленск,Центральный  ФО,3.5
Смоленск,Центральный  ФО,5.0
Смоленск,Центральный  ФО,9.3
Тамбов,Центральный  ФО,-1.5
Тамбов,Центральный  ФО,-1.6
Тамбов,Центральный  ФО,10.7
Тамбов,Центральный  ФО,3.9
Тамбов,Центральный  ФО,2.6
Тамбов,Центральный  ФО,5.9
Тамбов,Центральный  ФО,11.7
Тамбов,Центральный  ФО,7.4
Тамбов,Центральный  ФО,3.5
Тамбов,Центральный  ФО,2.9
Тамбов,Центральный  ФО,-3.1
Тамбов,Центральный  ФО,3.4
Тамбов,Центральный  ФО,-1.2
Тамбов,Центральный  ФО,7.3
Тамбов,Центральный  ФО,3.4
Тамбов,Центральный  ФО,5.3
Тамбов,Центральный  ФО,3.0
Тамбов,Центральный  ФО,9.8
Тамбов,Центральный  ФО,2.0
Тамбов,Центральный  ФО,-2.4
Тамбов,Центральный  ФО,6.7
Тамбов,Центральный  ФО,0.7
Тамбов,Центральный  ФО,-0.5
Тамбов,Центральный  ФО,6.8
Тамбов,Центральный  ФО,6.5
Тамбов,Центральный  ФО,8.7
Тамбов,Центральный  ФО,10.2
Тамбов,Центральный  ФО,7.4
Тамбов,Центральный  ФО,9.7
Тамбов,Центральный  ФО,2.5
Тамбов,Центральный  ФО,5.5
Тверь,Центральный  ФО,-3.0
Тверь,Центральный  ФО,-3.5
Тверь,Центральный  ФО,4.7
Тверь,Центральный  ФО,-2.8
Тверь,Центральный  ФО,8.2
Тверь,Центральный  ФО,3.0
Тверь,Центральный  ФО,3.9
Тверь,Центральный  ФО,6.0
Тверь,Центральный  ФО,-2.2
Тверь,Центральный  ФО,3.9
Тверь,Центральный  ФО,-1.9
Тверь,Центральный  ФО,6.7
Тверь,Центральный  ФО,5.0
Тверь,Центральный  ФО,2.8
Тверь,Центральный  ФО,5.0
Тверь,Центральный  ФО,5.2
Тверь,Центральный  ФО,-1.3
Тверь,Центральный  ФО,6.4
Тверь,Центральный  ФО,7.0
Тверь,Центральный  ФО,3.1
Тверь,Центральный  ФО,-1.4
Тверь,Центральный  ФО,-2.0
Тверь,Центральный  ФО,2.7
Тверь,Центральный  ФО,6.8
Тверь,Центральный  ФО,-4.2
Тверь,Центральный  ФО,-2.5
Тверь,Центральный  ФО,4.9
Тверь,Центральный  ФО,4.2
Тверь,Центральный  ФО,6.0
Тверь,Центральный  ФО,5.9
Тверь,Центральный  ФО,3.3
Тула,Центральный  ФО,5.3
Тула,Центральный  ФО,1.6
Тула,Центральный  ФО,8.7
Тула,Центральный  ФО,3.3
Тула,Центральный  ФО,-2.8
Тула,Центральный  ФО,-2.4
Тула,Центральный  ФО,8.3
Тула,Центральный  ФО,9.2
Тула,Центральный  ФО,4.3
Тула,Центральный  ФО,5.0
Тула,Центральный  ФО,-3.1
Тула,Центральный  ФО,7.6
Тула,Центральный  ФО,-0.9
Тула,Центральный  ФО,6.8
Тула,Центральный  ФО,4.2
Тула,Центральный  ФО,1.7
Тула,Центральный  ФО,5.3
Тула,Центральный  ФО,4.3
Тула,Центральный  ФО,-3.7
Тула,Центральный  ФО,8.8
Тула,Центральный  ФО,7.2
Тула,Центральный  ФО,-0.5
Тула,Центральный  ФО,6.5
Тула,Центральный  ФО,3.4
Тула,Центральный  ФО,3.1
Тула,Центральный  ФО,4.4
Тула,Центральный  ФО,6.2
Тула,Центральный  ФО,5.4
Тула,Центральный  ФО,7.1
Тула,Центральный  ФО,1.1
Тула,Центральный  ФО,-0.7
Астрахань,Южный ФО,10.0
Астрахань,Южный ФО,1.5
Астрахань,Южный ФО,8.5
Астрахань,Южный ФО,8.0
Астрахань,Южный ФО,7.5
Астрахань,Южный ФО,10.0
Астрахань,Южный ФО,10.0
Астрахань,Южный ФО,14.0
Астрахань,Южный ФО,6.0
Астрахань,Южный ФО,9.5
Астрахань,Южный ФО,5.0
Астрахань,Южный ФО,4.0
Астрахань,Южный ФО,8.0
Астрахань,Южный ФО,10.0
Астрахань,Южный ФО,9.0
Астрахань,Южный ФО,12.5
Астрахань,Южный ФО,4.5
Астрахань,Южный ФО,5.0
Астрахань,Южный ФО,9.5
Астрахань,Южный ФО,6.5
Астрахань,Южный ФО,13.0
Астрахань,Южный ФО,7.0
Астрахань,Южный ФО,4.0
Астрахань,Южный ФО,9.5
Астрахань,Южный ФО,7.0
Астрахань,Южный ФО,4.5
Астрахань,Южный ФО,11.0
Астрахань,Южный ФО,2.5
Астрахань,Южный ФО,7.0
Астрахань,Южный ФО,7.0
Астрахань,Южный ФО,11.0
Волгоград,Южный ФО,-2.2
Волгоград,Южный ФО,8.4
Волгоград,Южный ФО,9.0
Волгоград,Южный ФО,6.5
Волгоград,Южный ФО,7.9
Волгоград,Южный ФО,10.7
Волгоград,Южный ФО,2.4
Волгоград,Южный ФО,-2.9
Волгоград,Южный ФО,6.0
Волгоград,Южный ФО,8.1
Волгоград,Южный ФО,5.2
Волгоград,Южный ФО,2.2
Волгоград,Южный ФО,6.5
Волгоград,Южный ФО,2.2
Волгоград,Южный ФО,9.6
Волгоград,Южный ФО,11.2
Волгоград,Южный ФО,6.2
Волгоград,Южный ФО,3.0
Волгоград,Южный ФО,3.0
Волгоград,Южный ФО,2.5
Волгоград,Южный ФО,7.8
Волгоград,Южный ФО,6.8
Волгоград,Южный ФО,9.8
Волгоград,Южный ФО,3.5
Волгоград,Южный ФО,-0.4
Волгоград,Южный ФО,5.5
Волгоград,Южный ФО,5.7
Волгоград,Южный ФО,8.8
Волгоград,Южный ФО,3.2
Волгоград,Южный ФО,8.2
Волгоград,Южный ФО,5.7
Краснодар,Южный ФО,9.5
Краснодар,Южный ФО,6.5
Краснодар,Южный ФО,6.5
Краснодар,Южный ФО,14.5
Краснодар,Южный ФО,15.5
Краснодар,Южный ФО,4.5
Краснодар,Южный ФО,13.0
Краснодар,Южный ФО,9.5
Краснодар,Южный ФО,12.5
Краснодар,Южный ФО,9.0
Краснодар,Южный ФО,2.0
Краснодар,Южный ФО,12.5
Краснодар,Южный ФО,12.0
Краснодар,Южный ФО,12.0
Краснодар,Южный ФО,1.0
Краснодар,Южный ФО,0.5
Краснодар,Южный ФО,4.5
Краснодар,Южный ФО,13.0
Краснодар,Южный ФО,10.5
Краснодар,Южный ФО,9.5
Краснодар,Южный ФО,9.0
Краснодар,Южный ФО,13.5
Краснодар,Южный ФО,7.5
Краснодар,Южный ФО,12.5
Краснодар,Южный ФО,13.5
Краснодар,Южный ФО,5.5
Краснодар,Южный ФО,4.5
Краснодар,Южный ФО,7.0
Краснодар,Южный ФО,9.5
Краснодар,Южный ФО,9.5
Краснодар,Южный ФО,11.5
Майкоп,Южный ФО,11.4
Майкоп,Южный ФО,0.3
Майкоп,Южный ФО,9.7
Майкоп,Южный ФО,6.3
Майкоп,Южный ФО,11.1
Майкоп,Южный ФО,1.9
Майкоп,Южный ФО,10.3
Майкоп,Южный ФО,15.9
Майкоп,Южный ФО,11.0
Майкоп,Южный ФО,4.1
Майкоп,Южный ФО,15.6
Майкоп,Южный ФО,11.7
Майкоп,Южный ФО,12.4
Майкоп,Южный ФО,10.9
Майкоп,Южный ФО,4.8
Майкоп,Южный ФО,5.6
Майкоп,Южный ФО,18.8
Майкоп,Южный ФО,2.1
Майкоп,Южный ФО,7.8
Майкоп,Южный ФО,3.2
Майкоп,Южный ФО,3.1
Майкоп,Южный ФО,14.8
Майкоп,Южный ФО,11.7
Майкоп,Южный ФО,13.8
Майкоп,Южный ФО,11.6
Майкоп,Южный ФО,17.9
Майкоп,Южный ФО,14.2
Майкоп,Южный ФО,15.8
Майкоп,Южный ФО,0.2
Майкоп,Южный ФО,7.2
Майкоп,Южный ФО,8.2
Ростов,Южный ФО,2.0
Ростов,Южный ФО,4.9
Ростов,Южный ФО,7.9
Ростов,Южный ФО,-4.6
Ростов,Южный ФО,4.6
Ростов,Южный ФО,-2.0
Ростов,Южный ФО,6.8
Ростов,Южный ФО,2.6
Ростов,Южный ФО,-2.7
Ростов,Южный ФО,-2.6
Ростов,Южный ФО,0.1
Ростов,Южный ФО,4.9
Ростов,Южный ФО,-3.1
Ростов,Южный ФО,2.8
Ростов,Южный ФО,-2.5
Ростов,Южный ФО,2.2
Ростов,Южный ФО,4.0
Ростов,Южный ФО,-1.8
Ростов,Южный ФО,-2.1
Ростов,Южный ФО,8.5
Ростов,Южный ФО,3.0
Ростов,Южный ФО,8.1
Ростов,Южный ФО,-3.5
Ростов,Южный ФО,4.3
Ростов,Южный ФО,2.8
Ростов,Южный ФО,1.6
Ростов,Южный ФО,2.1
Ростов,Южный ФО,4.5
Ростов,Южный ФО,3.8
Ростов,Южный ФО,5.0
Ростов,Южный ФО,3.0
Элиста,Южный ФО,5.3
Элиста,Южный ФО,9.0
Элиста,Южный ФО,7.0
Элиста,Южный ФО,4.0
Элиста,Южный ФО,10.1
Элиста,Южный ФО,9.0
Элиста,Южный ФО,3.5
Элиста,Южный ФО,4.0
Элиста,Южный ФО,9.0
Элиста,Южный ФО,11.0
Элиста,Южный ФО,3.5
Элиста,Южный ФО,9.0
Элиста,Южный ФО,4.5
Элиста,Южный ФО,6.5
Элиста,Южный ФО,7.0
Элиста,Южный ФО,8.3
Элиста,Южный ФО,9.5
Элиста,Южный ФО,10.5
Элиста,Южный ФО,10.1
Элиста,Южный ФО,10.5
Элиста,Южный ФО,0.6
Элиста,Южный ФО,8.0
Элиста,Южный ФО,10.8
Элиста,Южный ФО,9.2
Элиста,Южный ФО,5.2
Элиста,Южный ФО,9.5
Элиста,Южный ФО,0.4
Элиста,Южный ФО,4.1
Элиста,Южный ФО,2.5
Элиста,Южный ФО,9.5
Элиста,Южный ФО,11.9
